Erythroid,T,B,GMP,Myeloid
0.18882182,0.32877374,0.06503222,0.326563,0.0908092
0.08863694,0.09974433,0.10517907,0.35800064,0.34843898
0.14767693,0.3215782,0.057216424,0.24563582,0.22789267
0.19008476,0.09170455,0.43394476,0.120218225,0.16404766
0.11447151,0.22308446,0.13289693,0.27245912,0.25708795
0.15363206,0.17702273,0.42720667,0.061688542,0.18045002
0.20275098,0.070128255,0.04431105,0.39714128,0.28566846
0.26826814,0.08176914,0.32345694,0.06282792,0.26367784
0.114343815,0.24559818,0.29626736,0.23427607,0.10951454
0.14840421,0.19279672,0.3365612,0.09518866,0.22704916
0.23746775,0.18519269,0.23394594,0.15525387,0.1881398
0.15736647,0.07315438,0.24154484,0.24602246,0.2819118
0.11620216,0.29587963,0.27605638,0.23018001,0.08168177
0.31225833,0.08278734,0.09852985,0.30145127,0.20497322
0.22502218,0.18350585,0.29758364,0.13838603,0.15550229
0.12012672,0.18378118,0.2476705,0.36083707,0.08758451
0.1286228,0.3878544,0.2321442,0.10868406,0.14269453
0.25950783,0.03714334,0.18572825,0.25210792,0.26551262
0.28720966,0.097075105,0.27170777,0.20526469,0.13874277
0.29101264,0.048908915,0.23638916,0.13561368,0.28807566
0.121451154,0.2618082,0.13608128,0.13993272,0.3407267
0.23785783,0.126568,0.109084584,0.20140076,0.3250888
0.13367714,0.40570006,0.08214152,0.033947714,0.3445335
0.25619715,0.06148373,0.23512645,0.2910176,0.15617506
0.2924485,0.045972884,0.117861316,0.48168787,0.062029406
0.25196663,0.29639044,0.1260862,0.10359953,0.22195715
0.18647201,0.08931141,0.16243908,0.38614693,0.1756306
0.16436563,0.10353385,0.3260895,0.30697966,0.09903134
0.24018754,0.13421685,0.0466964,0.31083986,0.26805934
0.15511581,0.1032653,0.18485127,0.1805965,0.37617114
0.18542312,0.10015996,0.1562717,0.28345358,0.27469164
0.25681955,0.06505575,0.28506842,0.21140759,0.18164879
0.41220126,0.04747693,0.056923382,0.34123644,0.142162
0.09534869,0.3312836,0.2732679,0.2389485,0.061151326
0.18232282,0.071850106,0.2802363,0.18728314,0.27830765
0.18431418,0.32787696,0.327304,0.066349514,0.09415535
0.3055446,0.1460429,0.19539516,0.14735469,0.20566264
0.24644329,0.05436271,0.10434,0.32302523,0.27182874
0.35144773,0.22175707,0.11682316,0.16233471,0.14763734
0.15907541,0.3073953,0.2619826,0.20543353,0.0661132
0.37194103,0.1499228,0.12055309,0.054078776,0.30350423
0.16417505,0.09118489,0.080548435,0.3126695,0.35142207
0.17931762,0.23973344,0.19998327,0.16213809,0.21882756
0.2613558,0.109602295,0.16705984,0.15707019,0.30491188
0.12283747,0.23330922,0.1983931,0.1641097,0.28135046
0.19249919,0.06745626,0.21200165,0.24716853,0.28087434
0.35338405,0.21222761,0.25994423,0.13415156,0.040292483
0.15235439,0.24181665,0.3203651,0.10952436,0.17593955
0.18940423,0.28338456,0.138142,0.3018215,0.08724768
0.1940451,0.23445496,0.14848651,0.29809436,0.124919094
0.22916089,0.3328097,0.20087235,0.13011023,0.107046805
0.16263719,0.30237314,0.28202006,0.06206282,0.19090681
0.20925412,0.15085,0.21244276,0.17762561,0.24982756
0.2903841,0.07107958,0.23884979,0.06819342,0.33149314
0.20508902,0.12595753,0.20921376,0.33447087,0.12526885
0.242041,0.2811801,0.18858473,0.17896341,0.109230764
0.29865947,0.07770993,0.35268602,0.16296546,0.107979126
0.24846625,0.2151537,0.33755207,0.048508625,0.15031935
0.17558075,0.28092974,0.1012164,0.29509336,0.14717975
0.12213438,0.10155544,0.21351865,0.33215255,0.23063903
0.17941663,0.20020838,0.21188596,0.14804442,0.2604446
0.37612367,0.27769992,0.11101871,0.042315256,0.19284238
0.13968143,0.24878395,0.21350013,0.14116465,0.25686982
0.27178332,0.081815444,0.28501648,0.043930907,0.31745383
0.36476094,0.06140711,0.19839744,0.10918942,0.26624513
0.26895803,0.16808146,0.21755727,0.13446958,0.21093358
0.16880022,0.108383864,0.23869419,0.2091304,0.27499127
0.23466565,0.16769113,0.041542254,0.24698669,0.30911422
0.20155957,0.29225037,0.30830222,0.026891481,0.17099634
0.2703009,0.08714864,0.12616232,0.29363534,0.22275281
0.16043402,0.35354128,0.17250168,0.21480238,0.09872059
0.11332155,0.333171,0.06550169,0.21446869,0.27353713
0.2355757,0.21184105,0.24806166,0.13007246,0.17444912
0.11541057,0.21407063,0.26263437,0.24465838,0.16322605
0.13340071,0.04884225,0.05579418,0.54778093,0.21418199
0.24553727,0.05581384,0.10621812,0.3494682,0.24296263
0.1335274,0.24644086,0.17853944,0.15510319,0.28638908
0.15717544,0.1368184,0.22008786,0.27864346,0.20727491
0.27076694,0.09382847,0.2423017,0.15025185,0.24285105
0.17144105,0.1718414,0.19920263,0.14728877,0.31022623
0.28615302,0.13028537,0.27632183,0.16653413,0.14070566
0.16857149,0.10803268,0.23827001,0.3249319,0.160194
0.05386917,0.3089859,0.12147577,0.48201996,0.03364922
0.29821175,0.17121154,0.2743013,0.06452882,0.1917466
0.34515983,0.099486016,0.07903373,0.36583018,0.110490255
0.30479184,0.18534066,0.33188775,0.069349445,0.108630255
0.23900165,0.27872884,0.26317167,0.093963936,0.1251339
0.1127466,0.17668879,0.26494667,0.16978176,0.27583614
0.26427802,0.14180951,0.26290986,0.22628514,0.10471743
0.28217074,0.094882496,0.15158452,0.2516256,0.21973664
0.25044963,0.1895355,0.25478655,0.057553254,0.24767506
0.069950804,0.26264545,0.19956888,0.37057042,0.097264454
0.13493338,0.16839945,0.1013522,0.42657876,0.16873622
0.13883565,0.26421034,0.33039233,0.23583183,0.030729825
0.216904,0.24998379,0.07974213,0.21503818,0.23833184
0.26386648,0.19128504,0.09497505,0.20887662,0.2409968
0.17066026,0.046058554,0.250457,0.29849637,0.23432782
0.21538705,0.14790839,0.16646329,0.34393752,0.1263037
0.13336302,0.1893562,0.18386333,0.14620249,0.34721497
0.167525,0.029880116,0.3373552,0.20432508,0.2609146
0.06256325,0.22253674,0.30683511,0.2303813,0.1776836
0.15269987,0.1891686,0.05998343,0.5495924,0.048555676
0.32957307,0.22198197,0.075357676,0.26796362,0.1051237
0.15753797,0.24972607,0.114873335,0.27546787,0.20239477
0.16033867,0.22714287,0.11659175,0.22904196,0.26688474
0.09254639,0.14160559,0.33672884,0.2876251,0.14149408
0.106755234,0.35407168,0.1608518,0.26475933,0.113561966
0.25883314,0.18452322,0.17704996,0.23010701,0.14948666
0.34089983,0.20966023,0.092562936,0.056838702,0.30003828
0.18493941,0.23179555,0.079928525,0.23150189,0.27183455
0.11848464,0.09243716,0.32461652,0.1717778,0.29268384
0.28368944,0.13292658,0.21726544,0.21133085,0.15478763
0.13861026,0.33028257,0.15418653,0.05201323,0.3249074
0.24694374,0.17832005,0.1852679,0.15461849,0.23484986
0.1054681,0.2559734,0.21995571,0.38297123,0.035631467
0.17400438,0.12892379,0.25687534,0.20397101,0.23622547
0.40150014,0.076125145,0.15504998,0.101830356,0.26549435
0.1641702,0.26728234,0.22674175,0.12297207,0.21883364
0.18014188,0.083303794,0.2072046,0.14335087,0.3859989
0.16386552,0.23605186,0.114145376,0.19893529,0.28700197
0.19558653,0.26451573,0.09480609,0.27251184,0.1725798
0.13681757,0.29724896,0.14162788,0.23184714,0.19245842
0.270179,0.0769542,0.059500232,0.36674806,0.22661857
0.24352728,0.09043899,0.055188593,0.4392417,0.1716034
0.37924623,0.082035795,0.10665335,0.23611566,0.1959489
0.2920434,0.08810476,0.28339383,0.23386441,0.10259359
0.20448925,0.05417741,0.4171449,0.053383343,0.27080512
0.23367438,0.17284763,0.29319128,0.107661754,0.19262496
0.3227877,0.15554784,0.35334787,0.050957486,0.11735911
0.29422402,0.2194576,0.20209514,0.12219019,0.162033
0.16684046,0.32807994,0.30455533,0.10953568,0.09098853
0.20148759,0.030908808,0.23062174,0.26187673,0.2751051
0.24037942,0.064442545,0.07912667,0.34347513,0.27257624
0.22614005,0.18902756,0.18390518,0.06431872,0.3366085
0.17881177,0.13064414,0.16355449,0.38592106,0.14106853
0.22538015,0.25662363,0.3622676,0.06570891,0.09001964
0.19075759,0.32125127,0.20230415,0.04456697,0.24111998
0.2745333,0.079080686,0.15633838,0.1990662,0.2909814
0.1775213,0.30526763,0.08600112,0.19453149,0.23667842
0.21866204,0.34614247,0.28444588,0.099944554,0.050805025
0.20182495,0.21976559,0.18367061,0.15020584,0.24453297
0.33118126,0.1813422,0.16274908,0.21550812,0.109219275
0.24256715,0.19468409,0.29612103,0.24552594,0.021101741
0.11355059,0.20166342,0.3375511,0.25985825,0.087376714
0.09727768,0.29892802,0.044884585,0.45301947,0.10589025
0.23951785,0.1738061,0.3702426,0.09973028,0.11670314
0.17116366,0.22302535,0.22382124,0.16023208,0.22175771
0.17176709,0.049902875,0.2745244,0.25388777,0.24991782
0.19789243,0.26370126,0.061957225,0.1477073,0.32874185
0.23728056,0.1405121,0.29300472,0.17452447,0.15467815
0.27139637,0.21322992,0.24336375,0.035008308,0.2370016
0.082433954,0.09566298,0.14724502,0.47354954,0.20110844
0.26877674,0.12502675,0.26826602,0.107619844,0.23031066
0.3255181,0.09263868,0.1874018,0.06375142,0.33068997
0.21745424,0.10508696,0.17888926,0.24316922,0.25540036
0.20480745,0.3086647,0.19995846,0.18101475,0.10555461
0.1219013,0.42378056,0.22739244,0.11406329,0.11286247
0.21479054,0.31773174,0.13509636,0.0988996,0.23348173
0.17343348,0.29510888,0.29290608,0.045423094,0.1931284
0.14292115,0.3408493,0.3133908,0.14326768,0.059571072
0.31889063,0.24099799,0.1764619,0.053056814,0.2105927
0.27505952,0.08627567,0.078379415,0.20540152,0.35488388
0.27219385,0.17124633,0.15613966,0.31255138,0.087868735
0.21969882,0.061737783,0.3327367,0.1001527,0.28567398
0.18051827,0.1725095,0.20420827,0.22777094,0.214993
0.1252451,0.22284777,0.33777383,0.19729115,0.116842136
0.1474371,0.21624026,0.23752375,0.27823246,0.12056641
0.08914816,0.3162551,0.2579836,0.04337008,0.29324302
0.42153403,0.22222117,0.104877785,0.038870476,0.21249656
0.24464123,0.18697616,0.14296919,0.20633039,0.21908307
0.25895405,0.10533802,0.12471272,0.23685005,0.27414513
0.14525488,0.14892846,0.07003724,0.44267672,0.1931026
0.16775592,0.3542499,0.044948965,0.32327753,0.10976765
0.17680977,0.2476528,0.19171761,0.06557847,0.3182413
0.21155529,0.07675609,0.3450093,0.13226154,0.23441775
0.31888637,0.11431179,0.14869055,0.12713349,0.29097784
0.33246905,0.124932505,0.27352887,0.14477435,0.12429515
0.12050825,0.28690243,0.31768376,0.092298225,0.18260735
0.30886254,0.17105316,0.2572458,0.10800616,0.15483233
0.11087909,0.28719848,0.2055175,0.25862333,0.13778159
0.1685334,0.2747309,0.2609035,0.26716426,0.02866792
0.19727144,0.17839067,0.2460713,0.16771898,0.2105477
0.15157306,0.36114544,0.16930765,0.06538571,0.2525881
0.24942614,0.11528014,0.06879542,0.26408923,0.302409
0.23312211,0.0999912,0.11088708,0.25903136,0.29696825
0.17184411,0.075277716,0.20292602,0.26663634,0.28331578
0.1829307,0.27495462,0.056879066,0.36843795,0.11679765
0.421993,0.051978964,0.11845147,0.22594364,0.18163289
0.18426652,0.27828205,0.072151154,0.21328303,0.25201723
0.2460864,0.18187687,0.16176614,0.12782533,0.28244522
0.12860645,0.15647095,0.14978462,0.3099973,0.25514066
0.17360535,0.23279575,0.262908,0.16009176,0.17059915
0.19889224,0.37095845,0.12161771,0.18290424,0.1256274
0.25350243,0.13146254,0.11048987,0.28229913,0.22224604
0.19174351,0.43982983,0.19918166,0.06588615,0.10335879
0.25106874,0.02258067,0.14493144,0.3479463,0.23347288
0.13966234,0.3268854,0.2557075,0.09914334,0.17860143
0.14433895,0.26512003,0.3735361,0.082473636,0.13453123
0.32053742,0.04661205,0.1513768,0.19981311,0.2816606
0.20550045,0.14048171,0.2892915,0.08749048,0.27723584
0.30476782,0.16097991,0.3107636,0.06216598,0.1613227
0.10930865,0.36647955,0.1540557,0.16097392,0.20918214
0.13173494,0.18665072,0.23813905,0.32693377,0.11654151
0.22288018,0.2629085,0.059380602,0.38871542,0.06611536
0.12039389,0.26525962,0.046335228,0.4820996,0.08591169
0.174542,0.11272821,0.056416806,0.43284702,0.22346596
0.10590109,0.29691446,0.40705332,0.095863886,0.0942672
0.26391357,0.049033705,0.19554222,0.29242057,0.19908991
0.16961762,0.29733378,0.21372984,0.18133172,0.13798705
0.09065381,0.14986369,0.027586998,0.64625835,0.085637175
0.162754,0.41686302,0.07849132,0.13023333,0.21165828
0.2842699,0.037404962,0.2743293,0.2896492,0.11434657
0.065090604,0.09391232,0.65786606,0.048791785,0.13433927
0.23823404,0.08048718,0.22448102,0.18463531,0.2721624
0.06676727,0.23497139,0.23660272,0.38635048,0.07530813
0.15123644,0.14590174,0.41103467,0.21828733,0.07353983
0.2629043,0.08135965,0.26714322,0.068946205,0.3196466
0.11236588,0.26448432,0.24881355,0.15974897,0.21458732
0.121887326,0.22249427,0.24914981,0.20249142,0.20397718
0.3667194,0.25312337,0.03125091,0.18838494,0.16052139
0.36463434,0.09596224,0.11372865,0.037670046,0.38800466
0.18236686,0.18578799,0.2910839,0.20110886,0.13965236
0.27677265,0.2984198,0.06627347,0.19902249,0.15951163
0.15349424,0.26011765,0.18784371,0.32645547,0.072088875
0.2954745,0.040071003,0.24559647,0.34970462,0.069153465
0.18277961,0.2770201,0.13691796,0.25243825,0.15084408
0.05050853,0.28035748,0.23587301,0.3566029,0.076658055
0.21681888,0.09897329,0.21202387,0.19811483,0.27406913
0.16071153,0.28810054,0.10951011,0.21002808,0.23164976
0.2794758,0.2214318,0.10074513,0.14732766,0.2510196
0.28575572,0.15699574,0.2902706,0.2105315,0.056446448
0.11880192,0.03034279,0.11423077,0.3327328,0.40389165
0.20237641,0.18169005,0.19659552,0.30244246,0.116895534
0.14200884,0.3654558,0.27662283,0.1574659,0.05844667
0.1339473,0.22506976,0.24655813,0.28406632,0.11035856
0.13063774,0.18396442,0.25865704,0.23039792,0.19634284
0.29481533,0.074951336,0.27247408,0.1389694,0.21878986
0.13704117,0.31687555,0.088292934,0.30611745,0.15167299
0.23597457,0.2308033,0.13622531,0.27372092,0.12327587
0.37056762,0.19717944,0.060278296,0.071433246,0.30054143
0.22323059,0.17291056,0.26224652,0.14118518,0.20042714
0.09155089,0.23891056,0.44976532,0.0758221,0.14395116
0.237761,0.08092253,0.19047897,0.13576184,0.35507563
0.31565815,0.16750845,0.19307287,0.29125002,0.032510437
0.24256754,0.18142873,0.16370091,0.13009728,0.28220558
0.27632394,0.2696637,0.23289639,0.10619399,0.11492203
0.19743574,0.1836117,0.40728343,0.10300728,0.10866185
0.12070877,0.25540155,0.38081637,0.13949603,0.10357733
0.17758135,0.18686134,0.19021207,0.18363981,0.26170537
0.2471941,0.2805721,0.3117727,0.08047741,0.079983644
0.07942547,0.24031325,0.22514516,0.39804262,0.057073493
0.09440646,0.3601256,0.3388038,0.038212374,0.16845177
0.20217611,0.11214738,0.18603063,0.20330553,0.2963403
0.21582553,0.07759302,0.22091788,0.17939334,0.30627018
0.10250984,0.13183197,0.29725188,0.3894535,0.07895282
0.216087,0.03492044,0.18491814,0.3613908,0.20268361
0.08258102,0.211056,0.28139186,0.36863405,0.05633709
0.2913802,0.19672796,0.106882475,0.3275673,0.07744212
0.22245637,0.17314228,0.25603098,0.20758435,0.140786
0.119285755,0.08472081,0.3336153,0.10717952,0.35519862
0.18331745,0.26271805,0.31188726,0.09334835,0.1487289
0.27571714,0.18107978,0.18119171,0.29804602,0.06396539
0.21845995,0.20132378,0.1625005,0.12598099,0.2917348
0.258055,0.3026419,0.14038888,0.062058076,0.23685613
0.23435521,0.08794833,0.12634982,0.16049327,0.39085332
0.44271654,0.038302306,0.23176001,0.22222646,0.06499473
0.24319002,0.08388776,0.23743647,0.3167337,0.11875208
0.14783071,0.26739258,0.17505297,0.0911808,0.318543
0.21199743,0.3378736,0.2404206,0.0443747,0.1653337
0.119157694,0.27204803,0.33625165,0.213422,0.059120677
0.27000198,0.1856213,0.22775011,0.26809463,0.04853197
0.29879364,0.27865544,0.10442617,0.114701234,0.20342351
0.36102587,0.07562077,0.104479544,0.15860897,0.3002648
0.18256573,0.29266006,0.25479668,0.1923166,0.077660866
0.16426007,0.032448605,0.3551914,0.23690708,0.21119283
0.10331818,0.2428688,0.23628826,0.13623953,0.28128523
0.08844865,0.14943808,0.3291446,0.062390577,0.37057805
0.19963852,0.29133493,0.23496352,0.14026257,0.13380045
0.13306226,0.15417868,0.4639991,0.14605582,0.10270419
0.24735607,0.14932154,0.14587201,0.16804546,0.28940496
0.47967905,0.09219772,0.088251844,0.14858127,0.19129011
0.3479266,0.07271533,0.19385695,0.22744021,0.1580609
0.22580218,0.06588464,0.47564703,0.04842735,0.18423882
0.17808516,0.049972862,0.29057834,0.27868047,0.20268315
0.29019946,0.10722565,0.29362327,0.098311156,0.21064043
0.15325235,0.26290825,0.0750136,0.2334222,0.27540356
0.18122827,0.414737,0.122061975,0.06756629,0.21440645
0.21334283,0.25059792,0.058475062,0.21877155,0.25881264
0.09055421,0.27164575,0.21445838,0.16255946,0.2607822
0.31264275,0.28887606,0.11774566,0.045409974,0.23532547
0.22711276,0.11175806,0.20506762,0.1772776,0.27878395
0.26621747,0.24270143,0.19336633,0.22998357,0.06773115
0.2483391,0.21107171,0.26357174,0.1443911,0.13262635
0.12608933,0.27448446,0.31827834,0.23417866,0.04696918
0.25177512,0.092410944,0.19022736,0.19827323,0.2673134
0.27185068,0.11827829,0.06580447,0.21247816,0.33158845
0.33720234,0.18536769,0.1269278,0.10925157,0.24125062
0.070589595,0.101131834,0.27160534,0.2849214,0.27175188
0.05930661,0.14153899,0.34297654,0.22271319,0.23346463
0.21932554,0.09080739,0.22308567,0.15459864,0.31218275
0.29496485,0.2665192,0.19968784,0.04303988,0.19578825
0.36815092,0.33916193,0.11408962,0.06267365,0.11592386
0.20067538,0.25772122,0.29431713,0.14113845,0.10614788
0.19590129,0.23148361,0.2823514,0.20433751,0.08592618
0.2929763,0.1110681,0.110049546,0.1809545,0.30495152
0.14196089,0.12512201,0.22895694,0.2696369,0.23432326
0.3550127,0.14674902,0.16400695,0.14473052,0.18950081
0.23354389,0.20283015,0.3738776,0.123908244,0.06584013
0.20515698,0.1387089,0.3021014,0.24496076,0.10907201
0.10553756,0.2728948,0.30770382,0.18520764,0.1286562
0.41536525,0.21944098,0.18819211,0.07711744,0.0998842
0.30916804,0.12723652,0.20572686,0.16260645,0.19526212
0.2959594,0.11711898,0.16741863,0.025000496,0.39450246
0.34797046,0.1885893,0.18078053,0.22077861,0.061881088
0.30652088,0.06841143,0.33360016,0.04641839,0.24504915
0.21249206,0.28430203,0.11762413,0.19557852,0.19000332
0.23000604,0.10936463,0.23871121,0.29781163,0.124106444
0.22120035,0.28294954,0.23775905,0.13182135,0.12626971
0.059936516,0.34603277,0.24948531,0.2792397,0.065305635
0.32005107,0.08922442,0.055847965,0.24506389,0.28981254
0.13664292,0.20178717,0.22068055,0.20451649,0.23637292
0.17428516,0.29824945,0.11936882,0.27860922,0.1294873
0.3619734,0.16492403,0.06813796,0.25933224,0.14563237
0.15822859,0.31825975,0.090840206,0.202746,0.22992542
0.05822867,0.32849848,0.15672548,0.40959197,0.046955403
0.22963831,0.25156298,0.25851503,0.055154968,0.20512873
0.33256355,0.03144176,0.16636223,0.27066216,0.1989703
0.16597295,0.1392414,0.26227888,0.26624778,0.16625898
0.5167983,0.18947658,0.109271295,0.03652172,0.14793202
0.24892,0.17982152,0.22228888,0.11509803,0.2338715
0.03767167,0.38440278,0.12940066,0.35646212,0.09206283
0.15252715,0.22851762,0.18752268,0.32409227,0.10734029
0.24639289,0.1734611,0.10882283,0.25708455,0.21423864
0.15604396,0.19343403,0.12269811,0.29734638,0.23047754
0.121153474,0.2190894,0.16414632,0.25076827,0.24484248
0.09768681,0.091119155,0.32760885,0.3265876,0.15699758
0.38937306,0.21797398,0.21963373,0.07315436,0.099864885
0.17508547,0.4226439,0.27721146,0.02462085,0.10043834
0.113420546,0.06789496,0.24290687,0.2563854,0.31939232
0.19944048,0.09478492,0.16614686,0.30454448,0.2350832
0.2384936,0.20697793,0.1622065,0.18207012,0.21025191
0.12816812,0.21682754,0.21718685,0.28950202,0.14831543
0.30167323,0.1015453,0.03861409,0.20125906,0.35690832
0.2605249,0.28935283,0.14248602,0.18905644,0.11857981
0.11024215,0.05573085,0.28184384,0.3123961,0.23978701
0.35960227,0.04208289,0.08358324,0.19411232,0.32061937
0.12062354,0.13560814,0.26652992,0.3285758,0.14866261
0.17495206,0.079946406,0.26708606,0.22928144,0.24873403
0.19704624,0.14812031,0.1091997,0.3282085,0.21742517
0.32760486,0.07966376,0.13268182,0.22992893,0.23012066
0.24663359,0.11383029,0.36316428,0.19761199,0.07875985
0.176648,0.13244265,0.27118862,0.18963252,0.23008823
0.2305851,0.26612285,0.21784583,0.16789763,0.11754866
0.25861713,0.16480389,0.22968376,0.12260395,0.22429118
0.14037815,0.3084469,0.31428215,0.113063626,0.12382917
0.16175137,0.23468441,0.29248798,0.18111442,0.12996177
0.30551383,0.04254399,0.16324969,0.18159416,0.30709827
0.12933001,0.22229299,0.12000746,0.2796256,0.248744
0.21282528,0.15863903,0.28105623,0.1594597,0.18801981
0.12638994,0.026494922,0.29050338,0.28323787,0.27337393
0.25187907,0.04146456,0.22960827,0.20933466,0.26771337
0.12239777,0.20562008,0.292399,0.24741419,0.13216901
0.24728785,0.091365404,0.2540885,0.2645394,0.14271882
0.22668745,0.2272173,0.04807445,0.24976437,0.2482564
0.21771552,0.04657109,0.30173236,0.15959768,0.27438337
0.21525648,0.046224654,0.3096599,0.23119684,0.19766212
0.34753633,0.18504816,0.21305463,0.16677219,0.087588735
0.23965892,0.08532424,0.343713,0.12839256,0.20291132
0.2326719,0.10305976,0.18507367,0.30120137,0.1779933
0.15642701,0.29867727,0.1382507,0.052013025,0.35463196
0.21940717,0.18922663,0.2395348,0.1342154,0.2176161
0.14654821,0.13119963,0.38134003,0.25125203,0.08966012
0.16217045,0.40761444,0.11775627,0.083505444,0.22895342
0.39860922,0.037192475,0.15906024,0.13470085,0.2704372
0.12124197,0.09261778,0.24855554,0.3510654,0.18651927
0.17514448,0.23557307,0.23270041,0.22664231,0.12993968
0.09202895,0.3273289,0.2860784,0.16898254,0.12558126
0.11107867,0.25179523,0.34712335,0.17254329,0.117459364
0.15247636,0.15792666,0.29438716,0.31105268,0.08415713
0.27255982,0.049594406,0.19731914,0.2923384,0.18818824
0.22986129,0.21235572,0.08900204,0.17568232,0.29309866
0.2366821,0.04569235,0.17608882,0.28934667,0.25219002
0.21521722,0.15431404,0.232073,0.19166256,0.2067332
0.19287434,0.11275601,0.12913908,0.3288277,0.23640287
0.08552867,0.27949494,0.3351082,0.23915593,0.060712326
0.18926159,0.045511972,0.28509724,0.3524785,0.12765066
0.20749389,0.22514862,0.21976642,0.045763567,0.30182743
0.08686731,0.14059736,0.27959442,0.29586664,0.1970743
0.29594108,0.099257454,0.35008538,0.10073038,0.15398563
0.34398615,0.26866862,0.1508382,0.11418571,0.1223213
0.20240335,0.17344308,0.24491332,0.029776061,0.34946418
0.08750369,0.18126722,0.102669574,0.37588903,0.25267053
0.13111043,0.325779,0.22826138,0.12699118,0.18785805
0.18811332,0.37387455,0.3158078,0.044807304,0.077397
0.13430174,0.13294424,0.24236163,0.20837933,0.2820131
0.13377237,0.08631186,0.23125118,0.23519894,0.31346568
0.271486,0.29087618,0.14508472,0.03688545,0.2556676
0.08983489,0.27796027,0.22544031,0.2421699,0.16459465
0.23486005,0.15401432,0.19200227,0.1862658,0.23285756
0.18365094,0.2670898,0.30324805,0.06160375,0.18440746
0.2232379,0.1679468,0.1789731,0.25138137,0.17846087
0.12362295,0.32370988,0.3430314,0.049591947,0.16004378
0.16095047,0.32512096,0.22971573,0.17204247,0.112170346
0.35008228,0.08769152,0.21202329,0.06315674,0.2870462
0.2635535,0.09225593,0.30035678,0.18262067,0.16121316
0.21864207,0.05640272,0.33250895,0.23814617,0.15429999
0.1779517,0.08086373,0.49087843,0.08632149,0.16398458
0.24133153,0.234596,0.12513429,0.18960755,0.20933063
0.13591024,0.16886626,0.2136523,0.23166656,0.2499046
0.28037086,0.11158594,0.20925964,0.20348665,0.19529691
0.1448166,0.17874667,0.19612756,0.10377996,0.37652925
0.10307424,0.3108182,0.31149906,0.25372997,0.020878542
0.2261613,0.10049316,0.29896268,0.1279832,0.24639967
0.13020986,0.08641147,0.24609767,0.21058038,0.32670057
0.19810215,0.11969519,0.07022365,0.3565062,0.25547278
0.31380934,0.18141924,0.26770598,0.051874537,0.18519096
0.26035422,0.26776463,0.13837019,0.21785897,0.11565199
0.1085256,0.26714143,0.19347547,0.3242765,0.10658102
0.34150448,0.18643108,0.06333968,0.35268012,0.05604468
0.22350116,0.31115556,0.28424582,0.026401604,0.15469588
0.19256511,0.23331492,0.20607431,0.14619145,0.2218543
0.2940325,0.09992557,0.10025452,0.25316477,0.2526226
0.2451676,0.15468979,0.16340008,0.11480624,0.32193625
0.2589596,0.04452656,0.22494508,0.23765102,0.23391773
0.32514483,0.13445564,0.104543835,0.19644286,0.23941284
0.3711217,0.15067288,0.2368996,0.14847428,0.09283149
0.39338568,0.16740654,0.29725984,0.067387596,0.07456032
0.059535258,0.35283628,0.14977275,0.32755473,0.11030097
0.27411824,0.07983838,0.1697495,0.15526465,0.32102922
0.16926295,0.23423164,0.23452611,0.104788765,0.2571906
0.12955737,0.23721755,0.30728337,0.088122375,0.23781937
0.19573174,0.15981211,0.2569688,0.104755074,0.28273225
0.28897792,0.10586273,0.19957222,0.19315758,0.21242954
0.27650064,0.09321054,0.22777319,0.11334507,0.28917053
0.16029112,0.19153993,0.09300766,0.29152894,0.2636324
0.30634543,0.23669921,0.12727521,0.17854552,0.15113465
0.16290182,0.19749056,0.3578591,0.14042847,0.14132008
0.24304295,0.08486242,0.05750377,0.35431775,0.26027313
0.18746026,0.20205016,0.21124913,0.19611584,0.20312455
0.23311229,0.09658282,0.14613967,0.33412895,0.19003628
0.3061644,0.16115062,0.11506828,0.2936956,0.12392108
0.0705865,0.36454114,0.29571134,0.12075275,0.1484083
0.21302307,0.31059703,0.15611438,0.07380171,0.24646382
0.18642068,0.0764624,0.24872057,0.30765393,0.18074241
0.23617983,0.14401093,0.16097723,0.15668352,0.30214852
0.1309002,0.032967616,0.20668001,0.2382346,0.3912176
0.17632319,0.1033641,0.29368788,0.19681068,0.22981413
0.12248725,0.08551411,0.25868744,0.2775864,0.2557248
0.11787675,0.16363259,0.23451893,0.1260459,0.3579258
0.14242779,0.1338175,0.38229522,0.05362446,0.28783506
0.24914695,0.11083722,0.13437666,0.39333418,0.11230505
0.27071366,0.07972799,0.281377,0.24374247,0.124438904
0.27606347,0.21274814,0.21429682,0.10303261,0.19385898
0.32795542,0.21436055,0.2244242,0.1753162,0.05794356
0.36911955,0.03531576,0.10555867,0.30219147,0.18781458
0.33089626,0.0882576,0.21371448,0.1721338,0.19499785
0.23022485,0.12503022,0.25630713,0.17898881,0.20944895
0.25851688,0.11929656,0.24351361,0.23767696,0.14099601
0.2576454,0.024154803,0.29998094,0.17413384,0.24408509
0.33315766,0.09344139,0.30619425,0.03224196,0.23496477
0.15043041,0.12344368,0.33860633,0.18399708,0.20352253
0.35854545,0.30377853,0.19307718,0.0410423,0.103556566
0.18800862,0.16758601,0.10756612,0.22552466,0.31131455
0.15737781,0.08124407,0.23527746,0.43906835,0.08703228
0.123218976,0.06251395,0.30559865,0.102073796,0.4065946
0.18584831,0.21678329,0.3175641,0.05553898,0.22426526
0.1690833,0.053666845,0.29334408,0.29084623,0.19305962
0.3134654,0.06451544,0.28007495,0.09392919,0.248015
0.1424603,0.14939079,0.21918291,0.2598302,0.22913575
0.10461618,0.318239,0.09839536,0.2782055,0.20054397
0.2115309,0.18410273,0.12984729,0.2176102,0.2569089
0.3673841,0.13598981,0.23295683,0.066780366,0.19688883
0.17974797,0.1709177,0.3310361,0.06725295,0.25104523
0.196064,0.4141742,0.08895158,0.24720769,0.053602517
0.23807116,0.07887043,0.28524107,0.2746389,0.123178445
0.1123642,0.4364692,0.17982349,0.1789901,0.092352994
0.3305763,0.11148346,0.0893513,0.16371131,0.30487764
0.23800203,0.24367547,0.23110417,0.08551307,0.20170522
0.2004301,0.238575,0.1403477,0.20209886,0.21854837
0.2422508,0.11408729,0.3158326,0.2016667,0.12616266
0.12660669,0.31549945,0.12185445,0.24985406,0.18618533
0.14975752,0.18304163,0.22623366,0.35694984,0.08401728
0.123604484,0.07447346,0.340403,0.35441864,0.10710041
0.14900348,0.22481751,0.23751174,0.2315921,0.15707517
0.25728658,0.22092734,0.10168502,0.30288303,0.117218
0.24973337,0.2593357,0.23592162,0.08540831,0.169601
0.29514056,0.09823119,0.26007164,0.07459563,0.271961
0.12966299,0.24072735,0.29769,0.27648774,0.055431917
0.12443949,0.13642402,0.2250402,0.29869217,0.21540406
0.44117048,0.04544753,0.17352468,0.28385037,0.056006968
0.16070479,0.11680267,0.21928239,0.1609158,0.3422944
0.3152617,0.063532166,0.18075074,0.19884807,0.24160738
0.17237015,0.31657085,0.17958632,0.0862097,0.24526295
0.36500597,0.05963234,0.1336689,0.19574052,0.2459523
0.16664256,0.42757532,0.2197164,0.08581923,0.100246474
0.26588082,0.28448477,0.06840488,0.27521294,0.10601657
0.26465666,0.29720107,0.19205737,0.13398889,0.11209605
0.30676246,0.30647558,0.16700615,0.0713333,0.14842257
0.1809547,0.21775328,0.3290474,0.105690174,0.1665545
0.20312826,0.24075876,0.26726386,0.04138488,0.24746424
0.18266012,0.23316376,0.1263199,0.39979526,0.058060978
0.22843699,0.2598905,0.12613368,0.15647185,0.22906701
0.12799716,0.34232193,0.15690368,0.28322354,0.08955367
0.18052292,0.18366984,0.2101551,0.21992064,0.20573153
0.114797816,0.14316903,0.41481033,0.042362016,0.28486082
0.1950455,0.260585,0.09701572,0.32857987,0.118773915
0.24377984,0.051098727,0.1953088,0.2649571,0.24485552
0.24028671,0.07942099,0.27462572,0.18878229,0.21688434
0.13314748,0.2201896,0.16665703,0.27104953,0.20895636
0.17042032,0.21423517,0.09544512,0.22495992,0.29493946
0.16087274,0.06695133,0.33061883,0.27137217,0.17018494
0.14464149,0.18425973,0.27310637,0.22698855,0.17100391
0.18580751,0.04064925,0.22624795,0.13891517,0.40838012
0.31866202,0.07027808,0.11920044,0.048999935,0.44285953
0.24587938,0.059103,0.19513763,0.12886839,0.37101158
0.25843334,0.21762761,0.2955681,0.020871257,0.20749968
0.1602086,0.14672932,0.32309553,0.16511935,0.20484726
0.25784263,0.2447338,0.28207046,0.092521116,0.122832015
0.081142575,0.087094866,0.031074366,0.6521486,0.14853957
0.2830452,0.14521049,0.20093372,0.083510816,0.28729978
0.26872396,0.14839368,0.16152413,0.2563946,0.16496359
0.11392034,0.083057776,0.25258794,0.17727675,0.3731572
0.26590595,0.14257416,0.25359616,0.13030462,0.2076191
0.15895173,0.2807122,0.30374882,0.04873373,0.20785351
0.21364877,0.21925326,0.16306163,0.2762037,0.1278326
0.1616791,0.06278918,0.37939847,0.16413762,0.23199569
0.131713,0.23487104,0.040281642,0.5304576,0.06267676
0.3121317,0.24556878,0.26736346,0.064268425,0.11066765
0.20042805,0.059183307,0.18808907,0.32366878,0.22863075
0.3646885,0.08338481,0.15191346,0.19478676,0.20522648
0.18330072,0.087026216,0.17277877,0.23006846,0.32682586
0.26048514,0.0936648,0.26490915,0.21000904,0.17093188
0.082837775,0.27743068,0.31070256,0.1800421,0.14898689
0.2151411,0.042736407,0.2852952,0.27814007,0.17868723
0.2648152,0.23765078,0.13835107,0.24925178,0.109931186
0.27944365,0.21316108,0.3321941,0.08450867,0.09069245
0.27702162,0.19154677,0.25950703,0.05465306,0.21727149
0.11510106,0.22739041,0.24850827,0.13804208,0.27095816
0.20624909,0.19003908,0.32898784,0.032679882,0.24204408
0.17639884,0.30423445,0.17940988,0.18577114,0.1541857
0.17651658,0.1798373,0.30861154,0.03711744,0.29791716
0.19492595,0.3500152,0.2191407,0.15677883,0.079139374
0.10895967,0.3004805,0.15394287,0.16946135,0.26715565
0.2844341,0.046891168,0.27411643,0.09721385,0.29734445
0.12478664,0.2490667,0.17270635,0.21522312,0.23821713
0.28494203,0.06974576,0.264456,0.1994771,0.18137908
0.2942124,0.05786262,0.32119486,0.095574744,0.2311554
0.1837028,0.20987053,0.25248536,0.1561882,0.19775318
0.12919597,0.024234597,0.09540674,0.41977486,0.33138785
0.27581477,0.047560226,0.2690548,0.15918556,0.24838455
0.16215506,0.28199732,0.13256319,0.29896396,0.12432046
0.19306737,0.39149725,0.19786304,0.04733553,0.1702368
0.27749175,0.033186052,0.17229581,0.36487275,0.15215364
0.24542883,0.060567945,0.2162453,0.1904741,0.2872839
0.2505005,0.27178705,0.27509,0.031471383,0.17115106
0.16377476,0.39491948,0.091702424,0.2704415,0.07916187
0.17004135,0.17006919,0.08917418,0.23195761,0.33875766
0.3467075,0.05317591,0.15400046,0.20746821,0.23864786
0.15699153,0.38551113,0.06582941,0.30240232,0.08926566
0.27025703,0.19923913,0.19135281,0.078328855,0.26082224
0.40439036,0.16874169,0.2603955,0.03064287,0.13582958
0.092295535,0.3191043,0.40189523,0.11806814,0.06863684
0.15247777,0.095404305,0.30120626,0.27603686,0.17487475
0.21855801,0.19107944,0.27828944,0.09402534,0.21804781
0.122996606,0.36574423,0.17697342,0.26947656,0.06480917
0.25206515,0.192747,0.21827778,0.14995036,0.18695971
0.15688714,0.045132495,0.21647023,0.300755,0.28075507
0.44018975,0.08649853,0.12185823,0.053936645,0.2975169
0.18781598,0.14952913,0.23218656,0.24541134,0.18505697
0.34056884,0.27494,0.073757894,0.25797227,0.05276094
0.18109015,0.048940368,0.27439055,0.30005187,0.19552706
0.1008778,0.16972508,0.43675363,0.24100299,0.05164055
0.21846256,0.30971572,0.19287066,0.15372255,0.12522854
0.19521454,0.299134,0.2004799,0.114058085,0.1911135
0.24165536,0.27065432,0.088768125,0.16682324,0.23209892
0.16897988,0.28448895,0.19408077,0.13801904,0.21443132
0.2120908,0.098611385,0.36972582,0.027370594,0.29220143
0.2714554,0.18721658,0.22954613,0.18862669,0.12315512
0.16471687,0.05000471,0.23859313,0.29117295,0.2555123
0.24583296,0.2283062,0.29978457,0.038217075,0.1878592
0.2946002,0.18237004,0.18804297,0.03430304,0.30068374
0.35397905,0.03312023,0.15429464,0.23609984,0.22250617
0.27343154,0.20991312,0.21709472,0.17405954,0.12550113
0.15705584,0.21403736,0.25859585,0.064641535,0.30566946
0.2394967,0.1141473,0.26847976,0.3455953,0.03228096
0.23132835,0.20185308,0.17646927,0.22258279,0.1677665
0.1803972,0.31599364,0.25420523,0.03548047,0.21392344
0.3011985,0.32782444,0.14572412,0.052502044,0.17275085
0.12950331,0.3716961,0.18345891,0.23332733,0.082014345
0.098480746,0.14486109,0.18201385,0.30996037,0.26468393
0.18128316,0.26367754,0.08952212,0.25073132,0.2147858
0.07384557,0.32621083,0.1870261,0.35750553,0.055411994
0.08869489,0.44608018,0.31537473,0.10098932,0.04886088
0.14251927,0.23419273,0.31882897,0.18948814,0.11497091
0.32667902,0.18077683,0.075400844,0.22928879,0.18785453
0.15251617,0.109217614,0.31901214,0.15808123,0.26117286
0.108825736,0.2670826,0.20159875,0.2321857,0.19030724
0.3740167,0.036318686,0.11871942,0.2826484,0.18829682
0.3282219,0.19258662,0.22143783,0.07977746,0.17797627
0.1616343,0.25209045,0.25180745,0.19686617,0.13760166
0.27194405,0.089752786,0.10410483,0.19172156,0.34247676
0.16145694,0.26326558,0.36764842,0.09254135,0.11508775
0.36249718,0.11448465,0.17751922,0.16536385,0.18013512
0.108899884,0.26906225,0.13387509,0.2316297,0.25653306
0.18709694,0.22384101,0.096113764,0.21457674,0.27837157
0.3296008,0.12931252,0.120143086,0.2886232,0.13232036
0.12967254,0.17525432,0.26558897,0.2831126,0.14637159
0.32404944,0.22873506,0.11602062,0.14702548,0.18416938
0.19776495,0.23500173,0.30983028,0.036149498,0.22125356
0.20490915,0.14110903,0.20046903,0.20589566,0.24761711
0.26437652,0.05717847,0.31284624,0.20963345,0.15596534
0.26159883,0.07050218,0.20394738,0.23043147,0.23352015
0.1977936,0.087205686,0.08654055,0.4091093,0.21935092
0.2173126,0.10728939,0.12130343,0.22246002,0.33163455
0.33698818,0.18457735,0.12321491,0.084588856,0.2706307
0.21051493,0.06965386,0.17613453,0.24501632,0.29868042
0.19259715,0.12788767,0.29507065,0.156137,0.22830752
0.13031064,0.28305072,0.26154664,0.2375004,0.0875916
0.37425712,0.06043769,0.10168595,0.2092449,0.25437436
0.18168366,0.20047058,0.2525887,0.11867115,0.24658594
0.06909121,0.08919098,0.30010846,0.24738958,0.29421976
0.21223594,0.30161223,0.118123256,0.14355709,0.22447143
0.36140305,0.06466145,0.17345168,0.039605353,0.3608785
0.2122718,0.16361806,0.18716119,0.26905316,0.16789575
0.32268426,0.06433219,0.072339796,0.310385,0.23025875
0.17449957,0.12362506,0.26211274,0.13353722,0.30622542
0.27930143,0.37187904,0.06613179,0.04139483,0.24129295
0.26294318,0.18922056,0.06601813,0.23396204,0.24785611
0.2559854,0.10649115,0.09676026,0.21078354,0.32997963
0.2838545,0.23023558,0.16610101,0.20488673,0.11492214
0.15582964,0.32904834,0.07529429,0.25443894,0.18538888
0.31242844,0.056748457,0.32252422,0.04732134,0.26097754
0.40922394,0.028065631,0.1674314,0.06755949,0.3277195
0.11406044,0.3220575,0.20625998,0.06558331,0.29203874
0.40115798,0.070494056,0.13988991,0.08920209,0.2992559
0.13247903,0.30970946,0.2549118,0.11115043,0.19174927
0.11303238,0.44857815,0.0653852,0.18396758,0.18903673
0.36574322,0.053889673,0.18371838,0.07926354,0.3173852
0.1301107,0.1413906,0.2146348,0.28734684,0.22651705
0.26622993,0.13469765,0.25909197,0.035678074,0.30430245
0.36217496,0.19483814,0.28474897,0.048128765,0.11010915
0.2923366,0.27183357,0.23986693,0.05509836,0.14086454
0.123416595,0.34999964,0.23907782,0.21964538,0.06786049
0.068386644,0.33789483,0.29412997,0.09060048,0.20898813
0.2947649,0.21040562,0.16049111,0.051936295,0.28240204
0.34205636,0.10372368,0.07806235,0.21343444,0.26272312
0.19246586,0.18837273,0.2914775,0.09671485,0.23096907
0.045879245,0.34676293,0.2692119,0.07041447,0.26773146
0.21983635,0.32327098,0.2689842,0.082642816,0.10526568
0.12139165,0.04870191,0.31467125,0.388999,0.12623623
0.2394633,0.18422711,0.13534439,0.22750479,0.21346037
0.24896577,0.11141821,0.062496282,0.32031444,0.25680533
0.16610037,0.22539297,0.14995016,0.19299115,0.2655653
0.14214715,0.074837245,0.28493887,0.221578,0.2764987
0.22528471,0.15384383,0.354438,0.10604135,0.16039203
0.16767459,0.16005138,0.095695496,0.45531684,0.1212617
0.14419086,0.17790699,0.4611508,0.08406172,0.13268967
0.14907038,0.12285344,0.2801061,0.32910785,0.11886218
0.3503806,0.13601124,0.26030844,0.16115066,0.092149064
0.1871485,0.14425229,0.26618063,0.16372518,0.23869343
0.28782034,0.120586246,0.13865231,0.120146506,0.33279458
0.07218046,0.24340254,0.32953325,0.25448835,0.10039538
0.3611214,0.097212404,0.18903586,0.056590393,0.29604
0.12050378,0.14351004,0.19304036,0.25495726,0.2879885
0.09777286,0.70184964,0.068114534,0.04163315,0.09062989
0.17396875,0.18833007,0.34732974,0.054919813,0.23545167
0.26417193,0.1438246,0.19264121,0.28112215,0.11824013
0.38101467,0.12897289,0.22715774,0.07385186,0.18900286
0.19359963,0.35460067,0.118319765,0.20555218,0.12792777
0.2820401,0.16596447,0.38740066,0.11321087,0.051383853
0.085558645,0.07833305,0.23277082,0.30213922,0.3011983
0.21079656,0.32335842,0.0851725,0.29985023,0.08082237
0.13056107,0.09646167,0.16326888,0.33139446,0.27831393
0.18652521,0.18197082,0.25141713,0.24880351,0.13128333
0.08353504,0.20386481,0.13848811,0.49119905,0.082912974
0.28422475,0.25217417,0.14887327,0.045130853,0.2695969
0.3881144,0.060527343,0.13086157,0.15811837,0.2623783
0.31820664,0.036159724,0.28553024,0.0875879,0.27251548
0.19129427,0.21512271,0.24561328,0.1140619,0.23390779
0.24472243,0.09514313,0.15039611,0.25141624,0.25832203
0.25993153,0.08199437,0.2378159,0.032305878,0.38795236
0.36916712,0.13198133,0.06449369,0.36756697,0.06679092
0.08041792,0.029505055,0.5511744,0.116457775,0.22244483
0.14048831,0.24976757,0.18571495,0.08462701,0.33940217
0.26544282,0.22531061,0.09457703,0.26401508,0.15065452
0.12776755,0.26241472,0.13817495,0.22543107,0.24621171
0.18489894,0.15440175,0.2627409,0.07726233,0.32069606
0.13301183,0.252081,0.18097371,0.10276025,0.33117324
0.14038047,0.21202096,0.17858715,0.12408568,0.3449258
0.4481482,0.07941356,0.040185355,0.026283687,0.40596917
0.06562241,0.35476774,0.29499522,0.14550653,0.13910809
0.26890317,0.1537897,0.119443476,0.387035,0.0708287
0.25974706,0.13563713,0.0867009,0.16748662,0.35042828
0.2630729,0.086594515,0.07966598,0.29551357,0.27515304
0.17710724,0.2135383,0.09367597,0.41055775,0.10512075
0.27300867,0.11933737,0.25672925,0.114198536,0.23672615
0.12719777,0.24602056,0.21510546,0.1912695,0.22040671
0.07946123,0.13923982,0.229465,0.19572745,0.35610655
0.15871589,0.083979994,0.20466658,0.28070244,0.2719351
0.10284896,0.27871892,0.33580336,0.14696117,0.1356676
0.27473664,0.03249804,0.091617234,0.17834023,0.42280787
0.3046049,0.3136957,0.07937136,0.11822821,0.18409982
0.27301905,0.16810437,0.28391933,0.16757238,0.10738482
0.4275966,0.041079957,0.057620488,0.22747225,0.24623069
0.12858625,0.28723758,0.10454468,0.2034385,0.276193
0.2966307,0.13820466,0.18062252,0.17291182,0.21163034
0.29227236,0.2485481,0.1666684,0.20374194,0.088769235
0.28732863,0.12824662,0.39992547,0.05929432,0.125205
0.26459986,0.2784331,0.09385186,0.25870392,0.10441127
0.28731367,0.117255166,0.057353243,0.42921865,0.108859316
0.18732122,0.35789466,0.10428152,0.05605516,0.2944474
0.14785945,0.20750873,0.21313111,0.23023272,0.20126794
0.17106554,0.30750048,0.086217955,0.23543808,0.19977796
0.14908202,0.06707429,0.16363852,0.29852587,0.3216793
0.21223651,0.26659524,0.17362355,0.17707081,0.17047387
0.24655816,0.27008364,0.28273642,0.11901915,0.08160259
0.26714328,0.22314279,0.1978573,0.15985666,0.15199998
0.14543512,0.24036355,0.12111485,0.32171226,0.1713742
0.22288805,0.13319187,0.11419991,0.24870887,0.28101122
0.20522653,0.24296004,0.23568426,0.06660381,0.24952544
0.31392056,0.13555273,0.2363394,0.2490632,0.06512412
0.20208478,0.11873766,0.045449678,0.33050364,0.3032242
0.08514203,0.20902105,0.29849163,0.30155098,0.105794236
0.15965301,0.16487837,0.29254392,0.23572317,0.14720151
0.23949797,0.35365257,0.09225867,0.15360636,0.16098435
0.11640831,0.06256588,0.04951088,0.43755645,0.3339585
0.13747789,0.25887877,0.23356068,0.10354608,0.26653653
0.18939167,0.07025359,0.27084938,0.34881967,0.12068564
0.20130937,0.1965027,0.28724778,0.15269817,0.16224201
0.060068745,0.1760021,0.19738147,0.39548364,0.17106405
0.16549769,0.22770502,0.22639386,0.14682849,0.23357496
0.15938905,0.14260726,0.28047106,0.13376649,0.28376612
0.17047064,0.18303393,0.15296638,0.32505703,0.1684721
0.32905808,0.2538376,0.22654729,0.13735479,0.053202238
0.13278292,0.22933297,0.12075258,0.31772533,0.19940627
0.14035146,0.27859208,0.20593771,0.15424776,0.22087096
0.10393996,0.0801239,0.39760515,0.23645705,0.18187392
0.08948687,0.38274655,0.35577238,0.07904979,0.09294442
0.24351905,0.32334355,0.17830516,0.112243965,0.14258823
0.24931125,0.1806895,0.21472926,0.09563089,0.25963905
0.2929872,0.074913144,0.14027134,0.25173858,0.24008974
0.3464307,0.25219122,0.13157281,0.21974008,0.05006521
0.25805795,0.3119073,0.20604578,0.10784106,0.11614789
0.2061126,0.34225097,0.2648982,0.024490353,0.16224788
0.13047579,0.34183392,0.16224067,0.20525526,0.1601944
0.29401612,0.10066454,0.2877113,0.07382816,0.2437799
0.13480769,0.29702234,0.07822281,0.2992073,0.19073988
0.17557652,0.09240447,0.13975646,0.23427773,0.3579848
0.2655686,0.13946325,0.089448474,0.19850318,0.3070165
0.18698105,0.3441282,0.082867265,0.199409,0.18661454
0.1570111,0.1687188,0.14647551,0.3064558,0.22133876
0.18924193,0.21124528,0.20235337,0.23055916,0.16660027
0.26775435,0.120643444,0.15400587,0.33162278,0.1259736
0.1530923,0.31203088,0.2994196,0.06085341,0.17460382
0.25889057,0.13525866,0.23434624,0.23026037,0.1412442
0.12802109,0.24076673,0.08265553,0.27318716,0.27536952
0.18575235,0.2558038,0.13484007,0.22171183,0.20189194
0.253581,0.31006697,0.06478037,0.18401183,0.18755984
0.45464152,0.0691456,0.19518453,0.06423573,0.21679264
0.15253977,0.26386067,0.22961636,0.08772242,0.2662608
0.14716613,0.18877852,0.37970147,0.10789296,0.17646097
0.2044275,0.3350562,0.17117143,0.081415415,0.20792948
0.11123828,0.07869786,0.22675753,0.2769154,0.3063909
0.22657274,0.1338335,0.10870558,0.43167192,0.0992163
0.24080613,0.4296123,0.10884362,0.030759363,0.18997858
0.27814776,0.08278534,0.10183011,0.25063232,0.28660446
0.2581894,0.20627552,0.16309886,0.1175145,0.2549217
0.26768854,0.099587366,0.22416542,0.18485674,0.22370192
0.2571407,0.074919164,0.06520797,0.3693201,0.23341212
0.17134894,0.24559782,0.30465308,0.10689093,0.17150919
0.12065043,0.28849283,0.14688672,0.30130136,0.14266871
0.2454087,0.2423421,0.0559267,0.17806847,0.278254
0.17922331,0.35465482,0.2420972,0.06056674,0.16345793
0.29501405,0.08550762,0.059798203,0.2615104,0.29816967
0.23911607,0.31448585,0.20719284,0.05034254,0.18886274
0.14464666,0.19720672,0.062686615,0.37960416,0.21585582
0.07671721,0.24610269,0.2741869,0.28621286,0.11678027
0.12745242,0.20250383,0.1894727,0.2813318,0.1992392
0.39105278,0.15190731,0.34988907,0.030684242,0.07646663
0.2840761,0.06087847,0.15925036,0.2769856,0.21880949
0.19915995,0.12581919,0.39721006,0.031908464,0.24590234
0.24204732,0.17844225,0.06648731,0.3509673,0.16205582
0.30272058,0.09300917,0.30831453,0.18494222,0.11101347
0.26797375,0.33908355,0.24117418,0.07689851,0.074870035
0.2767628,0.11810189,0.11618459,0.42167905,0.06727167
0.15768924,0.08508085,0.08090617,0.41280973,0.263514
0.24180405,0.20448366,0.11915823,0.24117862,0.19337541
0.39706194,0.026985537,0.10143311,0.2966586,0.1778608
0.0794575,0.21672176,0.27074087,0.27687404,0.15620583
0.16923071,0.059345163,0.117653586,0.35541576,0.2983548
0.33469832,0.057414055,0.22856373,0.28725436,0.092069566
0.15729825,0.16650376,0.19180247,0.2500009,0.23439461
0.29887423,0.034395352,0.16892967,0.18745524,0.31034556
0.3299446,0.037936382,0.10744582,0.22592118,0.298752
0.117968895,0.29211304,0.31063852,0.04926643,0.23001316
0.29591,0.036390714,0.2829584,0.21114774,0.17359309
0.18470821,0.027283248,0.15428235,0.08524497,0.5484813
0.2612113,0.26841393,0.16806556,0.091836855,0.21047236
0.20644368,0.23833135,0.16956522,0.30224222,0.08341759
0.069334455,0.23900186,0.28507158,0.20003338,0.20655866
0.2720791,0.03992096,0.26942083,0.18340078,0.23517835
0.25469816,0.32250106,0.12420782,0.10205903,0.19653395
0.24008274,0.2655614,0.20132707,0.11581443,0.17721434
0.31533197,0.095431715,0.08998409,0.26100436,0.2382479
0.45634368,0.11768859,0.17433664,0.049161844,0.20246929
0.18501993,0.1499288,0.2828222,0.23862705,0.14360204
0.18821585,0.1111377,0.120326206,0.22582293,0.35449728
0.3343903,0.22015919,0.21434218,0.08004009,0.15106826
0.13665907,0.091633916,0.22318105,0.4560007,0.09252527
0.18733269,0.11250193,0.14861403,0.32419124,0.22736008
0.22159484,0.15270387,0.21172556,0.30825216,0.10572357
0.1463582,0.12538625,0.21442592,0.12078964,0.39304
0.30163375,0.2746287,0.0914791,0.11109202,0.22116648
0.25118133,0.09465247,0.04946007,0.38140723,0.22329892
0.091575645,0.07529924,0.24161895,0.2567554,0.33475077
0.15869793,0.36305147,0.30588824,0.10688656,0.06547577
0.08010771,0.07515249,0.29933882,0.21077779,0.33462316
0.26533547,0.049407225,0.25667548,0.28176787,0.14681396
0.32944277,0.2899111,0.22039782,0.080850214,0.07939805
0.10894651,0.4162464,0.3903739,0.052406024,0.032027196
0.3572041,0.11854722,0.22587997,0.050092265,0.24827641
0.080480695,0.15609203,0.26949212,0.42714638,0.06678881
0.16780455,0.065119706,0.39633578,0.29330674,0.07743322
0.2596726,0.39101976,0.063719034,0.12115295,0.16443563
0.18255149,0.0927868,0.29463112,0.14042433,0.28960627
0.37730318,0.24984202,0.23144698,0.033783473,0.10762433
0.24800938,0.18408892,0.3013854,0.03569997,0.23081638
0.15491435,0.24380973,0.25730905,0.19061422,0.15335263
0.45233038,0.17660801,0.1716848,0.06461605,0.13476071
0.17186631,0.20667256,0.24790074,0.18495436,0.18860598
0.22870599,0.2650474,0.18244702,0.06999848,0.25380114
0.14797746,0.32127273,0.2646792,0.1273218,0.13874887
0.077932686,0.23871033,0.35310858,0.21447726,0.11577116
0.2941498,0.28930944,0.13973038,0.044490926,0.23231949
0.30704927,0.100878395,0.2838236,0.16398646,0.14426224
0.18256968,0.17953332,0.2570222,0.18384193,0.19703287
0.2241335,0.088863656,0.31727472,0.13211717,0.23761095
0.26366526,0.29818016,0.27710295,0.05096016,0.1100915
0.15871966,0.097038895,0.3691203,0.12360645,0.25151473
0.17404947,0.33415663,0.21494927,0.19150858,0.085336104
0.16203474,0.12260808,0.2637795,0.18722884,0.2643488
0.25632557,0.20843913,0.21118514,0.15699834,0.16705188
0.20103958,0.29937908,0.23859672,0.16635397,0.094630614
0.09384456,0.21785916,0.26066706,0.2422535,0.18537569
0.1850604,0.25474495,0.21784408,0.23070791,0.11164272
0.22697435,0.10134226,0.2467871,0.27384567,0.15105064
0.19165719,0.06666244,0.31127143,0.097229406,0.3331795
0.22112046,0.17077793,0.20834671,0.15778601,0.24196883
0.13004121,0.24688032,0.25549942,0.13498896,0.23259012
0.18268687,0.16632695,0.26851547,0.20334785,0.17912285
0.11660918,0.088226765,0.31479007,0.17051342,0.3098605
0.29082713,0.2597445,0.14321917,0.116259284,0.18994997
0.23375025,0.35952958,0.09861513,0.22661483,0.08149018
0.21128377,0.3413423,0.16369323,0.18715413,0.09652656
0.30740198,0.24038458,0.19079506,0.11967258,0.14174578
0.16089015,0.09107129,0.33555377,0.35786077,0.054624062
0.3224984,0.02090857,0.081084505,0.41959015,0.15591836
0.18063754,0.22990334,0.24433394,0.27356502,0.07156016
0.25402868,0.23704459,0.14205235,0.08565224,0.28122213
0.058712166,0.28848526,0.33253518,0.22992297,0.09034442
0.09324742,0.025357788,0.43511382,0.198779,0.24750198
0.31993014,0.11584515,0.08502016,0.27627364,0.20293093
0.25954145,0.114170425,0.28793666,0.16504063,0.1733108
0.3325461,0.07140846,0.16429456,0.35142866,0.080322236
0.12514815,0.21651234,0.33598706,0.1243773,0.1979752
0.30908257,0.09963967,0.3055215,0.035761207,0.24999502
0.27245176,0.1814689,0.18728404,0.26664868,0.09214658
0.15641783,0.045119725,0.07674981,0.36286068,0.35885197
0.32133213,0.061154228,0.18833254,0.12824358,0.30093753
0.13199683,0.3024056,0.10889526,0.2513112,0.20539111
0.25987765,0.16621089,0.25702995,0.025688598,0.29119298
0.21993083,0.1310891,0.12950093,0.32123557,0.19824356
0.13653249,0.2967693,0.29425338,0.13177857,0.1406663
0.18571611,0.106267035,0.2989648,0.07648952,0.33256254
0.28762266,0.19556591,0.29359096,0.07486144,0.148359
0.09237296,0.24706784,0.27160808,0.35655278,0.032398358
0.19091609,0.209748,0.30239397,0.07664774,0.22029422
0.2063065,0.31369263,0.16015829,0.17558509,0.14425749
0.25541055,0.06614968,0.22695825,0.31218883,0.13929263
0.29696932,0.1387221,0.1308354,0.11101897,0.3224542
0.2655914,0.25441247,0.24683087,0.11900887,0.11415636
0.25577566,0.07513363,0.07252576,0.27462527,0.32193974
0.18552786,0.12686518,0.14864682,0.3540846,0.18487552
0.14626867,0.3166555,0.2619654,0.21210194,0.06300853
0.17768936,0.22216606,0.25274372,0.07737249,0.27002844
0.27406546,0.10267375,0.13225372,0.2900292,0.20097785
0.22438,0.1165561,0.28507888,0.061130352,0.3128547
0.14494099,0.13410695,0.071383506,0.41261685,0.23695172
0.21134736,0.31360444,0.20194188,0.05426971,0.21883664
0.06962092,0.27150583,0.2225856,0.4007553,0.035532404
0.17136341,0.3490183,0.3664744,0.0468281,0.06631585
0.18025213,0.24335979,0.19639406,0.27210197,0.107892066
0.24896182,0.14645557,0.09909865,0.24780439,0.2576796
0.17324232,0.24440223,0.11656425,0.23394483,0.23184632
0.2880549,0.28176317,0.21760717,0.080436915,0.13213782
0.14201215,0.20516278,0.27832192,0.15642774,0.2180754
0.071021825,0.22991727,0.17442974,0.27867436,0.24595685
0.16568877,0.20086963,0.1749903,0.15637198,0.3020793
0.321995,0.09739982,0.22808054,0.062616855,0.28990778
0.16354637,0.22557637,0.2364399,0.31307387,0.061363515
0.2333208,0.17503577,0.17365415,0.16337377,0.25461552
0.24290192,0.3078764,0.079047546,0.06450599,0.30566812
0.2894716,0.19373986,0.12441318,0.1581311,0.23424427
0.2893112,0.21935433,0.18356292,0.089371,0.21840055
0.25711077,0.071033366,0.20636061,0.048815846,0.41667947
0.07186628,0.3289782,0.2141181,0.2755747,0.10946267
0.21342105,0.15213186,0.21675591,0.16183089,0.25586033
0.13162488,0.06946436,0.25712177,0.29303506,0.24875396
0.23381859,0.24710535,0.25709853,0.078923345,0.18305424
0.32415736,0.06900168,0.09928981,0.27954817,0.22800301
0.14204751,0.041568764,0.26277363,0.22322574,0.3303844
0.24746816,0.31754255,0.19644128,0.121255614,0.11729246
0.4008971,0.10770197,0.10595025,0.21415615,0.17129458
0.12553848,0.07702937,0.35617307,0.38531706,0.05594204
0.13769425,0.24957408,0.12107209,0.34359622,0.14806336
0.40562865,0.14215636,0.031346753,0.3358198,0.08504836
0.25996733,0.31518805,0.042717896,0.2559082,0.12621853
0.24042746,0.09757257,0.25758368,0.27841824,0.12599802
0.15892258,0.25136477,0.08179369,0.38209656,0.12582241
0.29489902,0.04242532,0.07527571,0.4290618,0.15833817
0.19241823,0.053198043,0.23252872,0.22395831,0.29789668
0.20981967,0.2815112,0.15298733,0.114301935,0.24137987
0.19228403,0.22754699,0.26513976,0.10311542,0.21191381
0.13668543,0.033276558,0.25511003,0.31366044,0.26126754
0.19061087,0.24730438,0.2420463,0.13984741,0.180191
0.28886738,0.112844594,0.2181204,0.16278464,0.21738306
0.2501544,0.1105866,0.10455684,0.26196885,0.2727333
0.16163024,0.31322017,0.10180719,0.30639994,0.11694247
0.24070364,0.14586031,0.26062635,0.11703026,0.2357795
0.15712386,0.25696132,0.109609395,0.1829271,0.29337832
0.18683434,0.36363497,0.10831426,0.15893395,0.18228245
0.20103034,0.18938363,0.27927312,0.049838904,0.28047395
0.27908212,0.08322081,0.2570459,0.27504146,0.105609715
0.24399005,0.05263502,0.05587113,0.3022383,0.34526545
0.4097458,0.096907064,0.14602162,0.03186581,0.31545973
0.21721552,0.2634843,0.086463645,0.3093976,0.123438925
0.15622649,0.22915016,0.1810948,0.20503156,0.22849706
0.26946768,0.24982005,0.10598985,0.25232616,0.122396246
0.19945708,0.15277646,0.15343647,0.25665727,0.2376727
0.25123405,0.17808694,0.3023211,0.15956327,0.108794585
0.16171893,0.24918221,0.39204308,0.099050984,0.09800474
0.109108016,0.16263679,0.2172979,0.22569121,0.28526607
0.18650195,0.24865055,0.082205534,0.20273173,0.27991027
0.29479495,0.22295131,0.26022238,0.046483424,0.17554794
0.26170257,0.25926968,0.26255697,0.056882016,0.15958877
0.12236856,0.225184,0.23916519,0.2372787,0.17600359
0.14793922,0.26878566,0.22103003,0.124608666,0.23763642
0.16870837,0.3381213,0.2402398,0.1241708,0.1287597
0.20751254,0.18568899,0.31779984,0.053339828,0.23565876
0.22497329,0.08611618,0.35409126,0.23583484,0.09898444
0.10343724,0.26057652,0.28709176,0.26625612,0.082638375
0.10154109,0.17336416,0.28186485,0.22437324,0.21885668
0.08777082,0.18227237,0.328293,0.12323333,0.27843052
0.38002613,0.09453348,0.35369784,0.049321976,0.122420534
0.19554844,0.08656868,0.07682029,0.35358545,0.2874772
0.119132034,0.11165259,0.08985218,0.20487331,0.4744898
0.28300205,0.11672865,0.14201708,0.15904708,0.29920512
0.07962573,0.22498916,0.19047935,0.3182295,0.18667625
0.19946551,0.23276809,0.14452802,0.14872861,0.27450985
0.24358737,0.10686556,0.24552463,0.2673423,0.13668019
0.28763476,0.08521168,0.10598107,0.25754213,0.26363036
0.20331089,0.10255041,0.28797692,0.07603243,0.33012933
0.17309639,0.18036643,0.2351789,0.2724943,0.13886398
0.2629522,0.06664195,0.23820518,0.16110101,0.27109972
0.23060024,0.24448173,0.09872181,0.24056408,0.18563223
0.05761285,0.4335484,0.15040964,0.29178903,0.06664006
0.2868494,0.189123,0.2750489,0.1650837,0.083894975
0.2151093,0.25872004,0.1587868,0.16836245,0.1990214
0.13090567,0.2517528,0.33723906,0.050194748,0.22990769
0.1882512,0.18832225,0.26736,0.08566714,0.27039945
0.1885394,0.48649907,0.16097969,0.082562424,0.081419416
0.11010819,0.31117105,0.23542249,0.16925459,0.17404361
0.20213252,0.20515785,0.1706955,0.21630538,0.20570871
0.2135977,0.13644466,0.1712631,0.24744608,0.2312485
0.3121971,0.13465217,0.180169,0.02016375,0.35281798
0.22935966,0.18694414,0.2523066,0.11685594,0.21453366
0.157646,0.2892997,0.07751319,0.27207425,0.2034669
0.33889914,0.20997314,0.18449128,0.081154265,0.18548213
0.33641967,0.28408313,0.07215098,0.04839681,0.2589494
0.16516523,0.23393561,0.2621661,0.19961955,0.13911346
0.34584904,0.061018012,0.20731568,0.13585445,0.24996279
0.12918158,0.15407166,0.10583506,0.27628165,0.3346301
0.15396535,0.20919083,0.2690707,0.18089058,0.18688256
0.14501058,0.37561256,0.16708612,0.20769556,0.10459518
0.29192892,0.27069908,0.26214013,0.058385286,0.11684654
0.21099949,0.3075909,0.12399558,0.20567298,0.15174109
0.270426,0.07867552,0.32279894,0.05407477,0.2740248
0.36613634,0.052893195,0.28488442,0.17441413,0.121671975
0.32972664,0.14732188,0.24843141,0.036303453,0.23821667
0.1719007,0.0467698,0.15328734,0.31812298,0.30991918
0.17933446,0.103937574,0.28468502,0.2035808,0.22846217
0.17530765,0.059999704,0.14497003,0.4004909,0.21923168
0.15971678,0.21489125,0.30750734,0.25854635,0.05933825
0.17140259,0.097719274,0.28979138,0.2996265,0.14146021
0.33689657,0.16448562,0.08965051,0.19259995,0.21636736
0.20764475,0.25394648,0.20249458,0.17116836,0.16474584
0.327466,0.11974917,0.25416622,0.077709176,0.22090939
0.23175582,0.11205034,0.06505421,0.41201535,0.17912425
0.120846614,0.1607675,0.19008829,0.23529363,0.29300395
0.14671093,0.2176529,0.0734115,0.32034275,0.24188189
