Luminal_Macrophages,Type 2 alveolar,Fibroblasts,Dendritic cells
0.33916327,0.18950465,0.2017815,0.26955062
0.1491628,0.24926034,0.20181035,0.39976647
0.12178725,0.14562407,0.4150955,0.31749314
0.24295744,0.20822686,0.348841,0.19997472
0.10274359,0.2520631,0.19209145,0.45310193
0.33125028,0.06904286,0.41348013,0.18622673
0.02811923,0.42870244,0.45611495,0.0870634
0.16610523,0.07851014,0.4826163,0.27276838
0.092359446,0.30480883,0.26200393,0.34082776
0.07383285,0.3018451,0.47172743,0.15259466
0.15694638,0.15669766,0.10581759,0.5805384
0.066084154,0.4088471,0.44125974,0.08380899
0.37851623,0.29829073,0.029653352,0.2935397
0.20311558,0.38729507,0.14904924,0.26054016
0.09046754,0.30328834,0.3817865,0.2244576
0.3886844,0.43717727,0.098863706,0.0752746
0.29524523,0.40258673,0.08778829,0.21437973
0.19890217,0.3839362,0.14563431,0.2715273
0.123694286,0.28679925,0.4882586,0.10124785
0.44289705,0.042563584,0.03315417,0.4813852
0.28556702,0.31055933,0.04971173,0.35416192
0.054694135,0.37273723,0.28486884,0.28769973
0.24303947,0.1358469,0.14451995,0.4765936
0.15324001,0.52292,0.110611,0.21322894
0.29853585,0.08185577,0.451656,0.16795236
0.3530644,0.16576184,0.16630232,0.3148715
0.2762773,0.332905,0.08733348,0.30348426
0.050416075,0.2579017,0.34203172,0.34965053
0.13375986,0.27464467,0.32990086,0.26169464
0.31804305,0.20466137,0.14336807,0.33392748
0.275896,0.05743893,0.3315309,0.3351342
0.33576173,0.31722376,0.13733618,0.20967828
0.05820215,0.34278795,0.30191606,0.29709387
0.2954565,0.31974962,0.15458077,0.23021312
0.4169439,0.24059834,0.24005063,0.10240711
0.1669637,0.09985318,0.42651352,0.3066696
0.3958242,0.07724213,0.27444807,0.2524856
0.33586493,0.2705157,0.31262267,0.08099677
0.4378314,0.22289228,0.05027379,0.28900254
0.29008713,0.27926192,0.37972715,0.05092379
0.20600434,0.25552636,0.3407495,0.19771987
0.17405288,0.21533042,0.32222787,0.28838882
0.24061033,0.0516423,0.19321178,0.5145356
0.5119614,0.15336928,0.23526415,0.099405155
0.25218508,0.2037845,0.20803282,0.33599767
0.051881723,0.2996862,0.2586484,0.3897837
0.3289166,0.18728702,0.029174471,0.45462185
0.20651141,0.34966666,0.3442406,0.09958132
0.31581336,0.2073766,0.30450466,0.17230532
0.4719392,0.048518304,0.104531504,0.37501097
0.30347863,0.06091446,0.43984532,0.19576155
0.06898287,0.063636005,0.7626345,0.104746625
0.2340312,0.29645553,0.19689223,0.27262104
0.3359969,0.26715696,0.19476892,0.20207721
0.38528296,0.14940971,0.19787228,0.26743504
0.040272042,0.47147334,0.14664517,0.34160945
0.6549527,0.11930359,0.08748751,0.1382562
0.3247867,0.27269337,0.19988352,0.20263647
0.2043645,0.050895326,0.38196567,0.36277452
0.29707816,0.2147026,0.14257096,0.34564832
0.33283406,0.20283474,0.19625619,0.268075
0.3602352,0.19963999,0.256215,0.18390977
0.32171303,0.35757756,0.049952567,0.27075687
0.32341984,0.02373667,0.19903448,0.45380908
0.28098097,0.2051102,0.103582464,0.41032633
0.1737628,0.41213113,0.15926342,0.25484255
0.2071758,0.18141304,0.2379116,0.3734995
0.20453525,0.10870551,0.39325893,0.2935003
0.38148388,0.058952194,0.06235946,0.4972045
0.23178406,0.24767196,0.25641558,0.2641284
0.30071852,0.058480714,0.29663777,0.34416303
0.54324365,0.23063603,0.05445963,0.17166069
0.3042861,0.20555721,0.20650442,0.28365222
0.1655125,0.14926822,0.5597128,0.12550643
0.27221233,0.051589083,0.4164586,0.25974002
0.30157793,0.4149791,0.058864713,0.22457822
0.33896238,0.18947761,0.15392004,0.31763998
0.040869348,0.44851196,0.20383391,0.30678472
0.4625918,0.3008089,0.023461813,0.21313748
0.44448623,0.19849093,0.19633307,0.1606898
0.43608564,0.05968189,0.14563416,0.3585983
0.3428621,0.15929744,0.10788304,0.38995734
0.379994,0.3791251,0.14874542,0.092135526
0.23929578,0.4195005,0.24951456,0.0916891
0.22235836,0.045744374,0.34995615,0.3819411
0.37127924,0.1420762,0.095408745,0.39123583
0.26313448,0.27926764,0.24958476,0.2080131
0.034677193,0.3928724,0.14712955,0.42532083
0.2925615,0.32933563,0.20848662,0.16961628
0.38943422,0.27448285,0.024852678,0.3112302
0.3706586,0.16285443,0.39305332,0.07343364
0.22296964,0.31587413,0.097803876,0.36335242
0.21907361,0.2423402,0.23851867,0.3000675
0.24338858,0.45417264,0.19935443,0.10308435
0.24572843,0.34791362,0.30604923,0.10030869
0.23334858,0.26382494,0.29739818,0.20542836
0.48026443,0.28862873,0.0268949,0.20421189
0.38275746,0.23721644,0.25708193,0.122944176
0.01981762,0.5568878,0.36256486,0.06072973
0.100990094,0.17146997,0.49788928,0.22965057
0.11104722,0.32368436,0.37617028,0.18909816
0.3255101,0.15791374,0.24937767,0.2671985
0.30090475,0.32234147,0.15303706,0.2237167
0.3738003,0.05014152,0.0304542,0.54560393
0.2773691,0.22657219,0.46505278,0.031005928
0.15388277,0.44586712,0.24195278,0.15829733
0.23425893,0.39269325,0.15643413,0.21661371
0.36115703,0.06025456,0.15280509,0.4257834
0.27342904,0.15868467,0.24449863,0.3233877
0.23779984,0.2567612,0.027557526,0.4778814
0.14981537,0.37783208,0.26213852,0.21021403
0.20812207,0.461434,0.26186457,0.06857933
0.28870362,0.15968123,0.27937123,0.2722439
0.2618724,0.25387222,0.18685567,0.2973997
0.40542734,0.22775857,0.18746753,0.17934647
0.2143934,0.2786722,0.35444835,0.15248603
0.1825273,0.20692013,0.355594,0.25495854
0.35223264,0.25654835,0.09062421,0.3005948
0.05752993,0.3284662,0.45440358,0.15960035
0.1473796,0.2992145,0.3280849,0.22532101
0.3432355,0.15307876,0.19022909,0.31345662
0.45328137,0.2018171,0.17783527,0.1670663
0.26563948,0.38478574,0.12972686,0.21984798
0.38655955,0.39687696,0.13988867,0.07667481
0.24253218,0.09164415,0.38680646,0.27901724
0.22051412,0.052634284,0.5173472,0.20950443
0.5191496,0.12991269,0.060908888,0.2900288
0.48468724,0.19224654,0.23945372,0.0836125
0.34457654,0.21274193,0.15695201,0.28572953
0.32026285,0.04908672,0.35818964,0.27246076
0.21226333,0.4085623,0.10804565,0.27112862
0.21464354,0.20202598,0.23875314,0.3445773
0.049043402,0.4955273,0.31501952,0.1404098
0.37045485,0.23089096,0.23567903,0.16297509
0.46057898,0.19120209,0.02845701,0.31976184
0.07826834,0.2452568,0.34822962,0.32824525
0.22361001,0.23810656,0.3366602,0.20162328
0.37956843,0.29408506,0.057938173,0.2684084
0.31210026,0.14520887,0.27613926,0.26655158
0.087204255,0.6042428,0.024335418,0.28421748
0.37033656,0.34290951,0.050549846,0.2362041
0.19981983,0.3710221,0.050325587,0.3788325
0.16222624,0.15045117,0.3719636,0.31535906
0.06266273,0.37631235,0.38194388,0.17908107
0.30951568,0.023172773,0.2913273,0.37598422
0.30265048,0.29564962,0.24955173,0.15214823
0.024745077,0.46583512,0.19854423,0.31087556
0.06638196,0.2030683,0.59435594,0.13619384
0.094031855,0.37327123,0.24379869,0.28889826
0.5548726,0.2598378,0.09076555,0.09452402
0.05760592,0.6019491,0.056929424,0.2835155
0.34754306,0.043053232,0.48039097,0.12901275
0.31497967,0.25782558,0.10349427,0.3237005
0.23836406,0.27650702,0.14087774,0.34425122
0.19479938,0.33214328,0.15522553,0.31783178
0.31187183,0.35679704,0.20802437,0.123306826
0.20857564,0.094538,0.6071639,0.08972241
0.07252753,0.41996843,0.39835197,0.109152086
0.3037671,0.3665427,0.1960455,0.13364473
0.3775704,0.2729496,0.15646972,0.19301029
0.2081201,0.32797948,0.30428025,0.15962018
0.08460469,0.09700267,0.24565165,0.572741
0.35553044,0.10040983,0.10915444,0.4349053
0.32024765,0.37762418,0.24110316,0.06102502
0.30459675,0.41284466,0.2068967,0.07566187
0.28740737,0.19802459,0.24863108,0.265937
0.06762782,0.81056935,0.062006187,0.05979664
0.20374842,0.24145676,0.2337201,0.32107475
0.24027042,0.1917427,0.4878336,0.08015333
0.35186598,0.04361355,0.3790691,0.22545138
0.16584831,0.090249084,0.24856153,0.49534112
0.27923802,0.3539031,0.29935482,0.06750403
0.38030973,0.21184772,0.2972621,0.11058046
0.08438129,0.4152852,0.2105754,0.28975815
0.473522,0.099597454,0.15511754,0.27176297
0.044903923,0.19626273,0.34731734,0.41151595
0.18598184,0.39949086,0.21088968,0.20363756
0.4569426,0.2527654,0.20829685,0.08199518
0.16904525,0.25416616,0.2737791,0.30300945
0.21244979,0.44760528,0.046735886,0.2932091
0.17104484,0.24176763,0.33807212,0.24911541
0.30621365,0.26043257,0.3219937,0.11136007
0.37448707,0.047027368,0.24344231,0.33504322
0.17816652,0.115423694,0.30059242,0.40581733
0.35819718,0.4148401,0.13790883,0.08905391
0.15289702,0.38444653,0.1550196,0.3076369
0.10324146,0.29293108,0.2925272,0.31130022
0.07015857,0.41076288,0.051231418,0.46784705
0.42477143,0.048339445,0.06097,0.4659191
0.24555175,0.26492593,0.40272266,0.08679975
0.4257552,0.18705007,0.05755351,0.32964122
0.28050375,0.28964293,0.15976733,0.270086
0.059055313,0.39083678,0.295756,0.25435194
0.17398657,0.43278363,0.18922623,0.2040036
0.18668789,0.056592334,0.3453437,0.41137606
0.34875605,0.4237588,0.18751614,0.039968997
0.20690095,0.2107492,0.34252453,0.23982531
0.22723217,0.13575049,0.291025,0.34599233
0.3413635,0.08379734,0.40325046,0.17158873
0.43819967,0.24972941,0.15955764,0.15251325
0.39683232,0.10533573,0.2850969,0.21273503
0.14747626,0.28040633,0.27379635,0.2983211
0.19196661,0.20202725,0.19852105,0.40748513
0.3437864,0.2105861,0.14280733,0.30282024
0.18821494,0.4050496,0.16211218,0.24462335
0.3150531,0.21633215,0.14892207,0.31969264
0.31875417,0.42713106,0.057286736,0.1968281
0.23909648,0.24942225,0.18941551,0.3220658
0.2755447,0.23212095,0.24171188,0.25062245
0.0664553,0.47192183,0.059129663,0.4024932
0.23567566,0.08650155,0.28562367,0.39219916
0.06318332,0.42181093,0.32842132,0.18658447
0.15800408,0.3108489,0.33721036,0.19393665
0.318759,0.2675258,0.17746828,0.23624697
0.17070147,0.13846391,0.39167875,0.29915586
0.1972308,0.21489395,0.31058574,0.27728948
0.18040803,0.34807193,0.23964418,0.23187588
0.26736307,0.3290123,0.23508053,0.16854405
0.32618418,0.47981262,0.048542492,0.14546074
0.09092646,0.5132936,0.059507623,0.33627227
0.067560725,0.4186561,0.45693836,0.056844775
0.09758275,0.027501952,0.5016372,0.37327808
0.23350796,0.19286159,0.24606907,0.3275614
0.3188509,0.22803965,0.16200288,0.29110655
0.091266595,0.24976039,0.35553995,0.30343312
0.2780717,0.024023915,0.19558279,0.5023216
0.21451601,0.30086696,0.2943203,0.19029678
0.034313235,0.35626227,0.1366142,0.47281024
0.24139765,0.24622904,0.29214433,0.22022901
0.24048737,0.04600537,0.056755487,0.6567518
0.29231587,0.26734063,0.30308524,0.13725823
0.21910073,0.16419198,0.45490444,0.1618028
0.25761577,0.35534814,0.20293455,0.18410154
0.31817463,0.050133895,0.33754838,0.2941431
0.08385627,0.35194302,0.24913985,0.31506088
0.4137964,0.13903934,0.11774259,0.3294217
0.20717244,0.2683891,0.10831586,0.41612256
0.28068188,0.34547865,0.05322135,0.32061812
0.25856626,0.24408573,0.20098536,0.29636264
0.35404482,0.17894207,0.19875026,0.26826277
0.49260536,0.049447488,0.20153062,0.2564165
0.28248045,0.057248827,0.2866503,0.37362036
0.3394002,0.30795166,0.24580616,0.10684195
0.02274453,0.44281295,0.46845162,0.06599088
0.103020735,0.2667427,0.19612901,0.43410748
0.073179044,0.20407222,0.34689143,0.3758573
0.27098873,0.28213942,0.13200635,0.31486556
0.029546343,0.31063876,0.18994549,0.46986938
0.38668805,0.25682086,0.107154764,0.24933627
0.06007794,0.43684182,0.3457163,0.15736394
0.28831232,0.34678888,0.17243764,0.19246112
0.2379989,0.32613555,0.20414513,0.23172042
0.16176246,0.34476152,0.0463985,0.44707748
0.2600306,0.25406617,0.24267727,0.24322599
0.3148629,0.30877075,0.20065685,0.17570955
0.14887834,0.325128,0.19877645,0.32721722
0.05237716,0.266327,0.40290323,0.27839258
0.06388546,0.15794423,0.39746422,0.380706
0.18908496,0.42912734,0.25086844,0.13091926
0.3154626,0.20205894,0.3115472,0.1709313
0.457603,0.056691997,0.1057423,0.37996277
0.2873705,0.31270334,0.20655462,0.19337153
0.37024707,0.3024902,0.051641926,0.2756208
0.5115587,0.04363721,0.031230455,0.41357362
0.34462178,0.024747163,0.3250696,0.3055615
0.31254646,0.15190122,0.29146966,0.2440827
0.3064414,0.13994293,0.3413992,0.21221642
0.3615722,0.2861485,0.094791695,0.2574876
0.44302717,0.13389763,0.25644228,0.16663294
0.34722814,0.048073597,0.26970574,0.33499253
0.24634336,0.4394517,0.17117883,0.1430261
0.32611158,0.41244385,0.15644872,0.104995795
0.267423,0.20193066,0.2864203,0.24422605
0.2357741,0.15569791,0.29087862,0.31764942
0.108293094,0.28777266,0.31959707,0.28433716
0.34075636,0.2515536,0.18606134,0.22162873
0.34015313,0.28611815,0.28147626,0.092252456
0.28843898,0.09614575,0.49936733,0.116047956
0.5612829,0.032622807,0.19547468,0.21061963
0.16809623,0.31792894,0.3353183,0.17865655
0.03477239,0.28262907,0.28717074,0.39542785
0.23477077,0.28751886,0.28282064,0.19488971
0.41699085,0.2003409,0.15642719,0.22624102
0.28244635,0.055707015,0.4787997,0.18304697
0.35702622,0.22314958,0.02668537,0.3931388
0.17091925,0.41740525,0.35371262,0.057962846
0.36600956,0.20481227,0.35140175,0.0777764
0.13874695,0.33438972,0.19391362,0.33294973
0.025018321,0.6056902,0.09485031,0.27444115
0.08384831,0.43564564,0.4299685,0.05053749
0.15970048,0.3770303,0.35557827,0.10769095
0.040304657,0.6288628,0.29509535,0.035737194
0.030133253,0.31257287,0.43180507,0.22548883
0.08976814,0.3006908,0.10528295,0.50425816
0.33918768,0.14340615,0.26843926,0.24896692
0.07477124,0.092877984,0.7610246,0.07132623
0.42334348,0.2501045,0.031018741,0.29553333
0.3983622,0.18815131,0.19318138,0.2203051
0.10548614,0.19469002,0.15394363,0.5458802
0.345836,0.14365177,0.18728606,0.32322618
0.13370036,0.63365513,0.15759924,0.0750453
0.23557518,0.2968924,0.34248906,0.1250433
0.29390186,0.3525376,0.09651019,0.2570504
0.21912974,0.062475055,0.53426164,0.18413354
0.38397247,0.24550009,0.056920983,0.31360638
0.2814231,0.40257472,0.09797894,0.21802323
0.26770228,0.3391278,0.09894758,0.29422233
0.34330937,0.25655082,0.23518075,0.16495906
0.4433456,0.023342768,0.24096525,0.2923464
0.27620256,0.20949195,0.097682685,0.4166228
0.40710214,0.2931117,0.14914048,0.15064575
0.28532025,0.08716627,0.3389373,0.28857622
0.112353444,0.3484998,0.29853737,0.24060942
0.4263347,0.21640214,0.2804817,0.07678139
0.06664397,0.09748065,0.51640207,0.3194733
0.21067189,0.105875075,0.25064903,0.43280396
0.44880813,0.079786815,0.25096533,0.22043976
0.2822224,0.07315437,0.3089305,0.33569276
0.27851236,0.0982615,0.24912871,0.37409744
0.178684,0.3566147,0.31700477,0.14769654
0.13947387,0.33352816,0.3092519,0.21774608
0.29936102,0.23477194,0.25960544,0.20626159
0.3590734,0.26615995,0.19761181,0.17715484
0.42310703,0.048290003,0.28666344,0.24193956
0.19474405,0.030558232,0.40630677,0.368391
0.07190007,0.12780693,0.5341366,0.26615632
0.3643663,0.0922094,0.18189265,0.36153162
0.29113063,0.31132087,0.17192946,0.22561903
0.02592522,0.5446965,0.36716333,0.06221491
0.19179006,0.09089264,0.44902262,0.26829463
0.33579183,0.15980059,0.28843725,0.21597028
0.15916178,0.051109407,0.49686044,0.2928685
0.32235432,0.11349744,0.43918982,0.12495839
0.27908647,0.27943212,0.10530769,0.33617374
0.3285034,0.024453726,0.33620244,0.3108404
0.3585914,0.35673153,0.1083292,0.17634778
0.19091648,0.18588074,0.28789145,0.33531132
0.3109029,0.2935249,0.14978199,0.24579018
0.30591422,0.25706857,0.19605413,0.24096307
0.24321629,0.28445238,0.27299267,0.19933863
0.16299844,0.13518456,0.44575068,0.25606632
0.14719081,0.039529428,0.36750644,0.44577336
0.23732342,0.08719352,0.5580356,0.11744747
0.2763883,0.24053246,0.14071968,0.3423595
0.14804056,0.2543258,0.29275903,0.3048746
0.23698367,0.54517365,0.04415715,0.17368546
0.09352846,0.44843107,0.36219504,0.09584542
0.06685248,0.15155321,0.47976327,0.30183104
0.36358747,0.22963533,0.05613379,0.35064343
0.32013753,0.20889266,0.13491574,0.3360541
0.13450134,0.44336867,0.24361375,0.17851622
0.207478,0.024531282,0.27702054,0.49097016
0.3629746,0.20810078,0.19797817,0.23094647
0.33630028,0.029119618,0.14681403,0.48776603
0.21845041,0.32516164,0.37637898,0.080009006
0.20128149,0.29541093,0.29948974,0.20381784
0.22789063,0.061077513,0.4357483,0.27528355
0.11792653,0.25820816,0.2112893,0.41257602
0.4474448,0.4262272,0.026611915,0.0997161
0.39458638,0.051490903,0.103238955,0.45068374
0.20951506,0.3944221,0.114646204,0.28141662
0.17685807,0.308643,0.32612306,0.1883758
0.27210927,0.31858888,0.08569468,0.32360718
0.12475263,0.093210235,0.42813087,0.35390633
0.07330683,0.49866593,0.25532135,0.17270586
0.23365147,0.26257417,0.36514562,0.13862874
0.24167487,0.2523293,0.16989413,0.3361017
0.32504937,0.13953315,0.1536761,0.38174137
0.23575048,0.25031212,0.09718698,0.4167504
0.44064337,0.059220873,0.16210613,0.3380296
0.32817328,0.043530483,0.2409115,0.3873847
0.33949068,0.08012037,0.19173339,0.38865557
0.25639668,0.45595297,0.15762025,0.13003011
0.31568304,0.045106735,0.22700681,0.4122034
0.47200412,0.14535381,0.19221005,0.19043203
0.33125806,0.14760709,0.2524665,0.26866835
0.057664495,0.15465751,0.43934336,0.3483346
0.35378134,0.13969658,0.14638053,0.36014155
0.27265865,0.24979933,0.14484999,0.33269203
0.4598589,0.08081704,0.06797515,0.39134896
0.036777213,0.27936336,0.2856322,0.39822727
0.12494648,0.15222493,0.33489436,0.3879342
0.48216116,0.27843273,0.054198142,0.18520793
0.20393886,0.49329907,0.15349597,0.14926615
0.230914,0.28709558,0.20082766,0.2811628
0.145947,0.3271713,0.23841839,0.28846326
0.050332732,0.23100854,0.501958,0.21670072
0.17884934,0.29416713,0.2881006,0.23888288
0.078834064,0.26089427,0.60474014,0.05553148
0.25038457,0.3712764,0.15202317,0.22631587
0.28941566,0.4947143,0.049763694,0.16610642
0.07102188,0.30142573,0.10681689,0.5207355
0.15934671,0.16283828,0.4617528,0.21606217
0.14596982,0.34480464,0.42124918,0.087976374
0.40848234,0.1405851,0.1585655,0.29236707
0.5986895,0.0813765,0.14432386,0.17561018
0.24288954,0.23896033,0.2186325,0.29951757
0.18605304,0.25517026,0.48497552,0.073801115
0.06890694,0.49638578,0.15683512,0.27787215
0.2221949,0.25652596,0.29355025,0.22772889
0.12207003,0.20745572,0.3714233,0.2990509
0.3553324,0.28553262,0.055951793,0.30318317
0.25981706,0.23844275,0.32232174,0.1794184
0.32148966,0.3153545,0.11049798,0.2526579
0.3297351,0.33601502,0.23703328,0.09721656
0.06342307,0.44414827,0.25293902,0.23948963
0.15366182,0.55280036,0.15065514,0.14288273
0.1479006,0.3900318,0.111386456,0.35068116
0.284131,0.35979033,0.24893995,0.10713877
0.31511134,0.22828567,0.23833703,0.21826597
0.249586,0.14954588,0.29598546,0.30488268
0.111504115,0.32672647,0.38339716,0.17837231
0.31317824,0.24197057,0.20887679,0.23597434
0.3009183,0.2652399,0.16030341,0.27353835
0.26769984,0.26112852,0.20269954,0.26847214
0.14866407,0.33892503,0.15715382,0.3552571
0.31745958,0.26088595,0.15734968,0.2643048
0.32186377,0.34219563,0.14593154,0.19000904
0.20275316,0.44130844,0.023623373,0.33231506
0.065434374,0.6096044,0.18658388,0.13837728
0.4640644,0.17283605,0.029926423,0.33317313
0.24006015,0.08351962,0.47959152,0.19682877
0.6995653,0.13929126,0.056048177,0.10509525
0.28032696,0.46234447,0.13139673,0.12593184
0.20764025,0.20701708,0.25195876,0.3333839
0.26319936,0.22341996,0.23780629,0.27557442
0.12464265,0.4994527,0.055901095,0.3200035
0.030208161,0.42133027,0.28334874,0.2651128
0.24737847,0.2540775,0.13739707,0.361147
0.19983956,0.16935515,0.29469168,0.3361136
0.31550154,0.35788625,0.051375043,0.2752372
0.19960871,0.28244427,0.099735975,0.418211
0.5152359,0.2298706,0.055611283,0.1992822
0.21416566,0.15509368,0.29127434,0.3394664
0.21277504,0.33335593,0.15036713,0.3035019
0.18224487,0.16550072,0.3291538,0.32310066
0.039985042,0.59444,0.33984622,0.025728807
0.35099062,0.35879013,0.25013813,0.040081173
0.30748954,0.2027122,0.32571593,0.16408229
0.31965265,0.2020156,0.20366858,0.27466315
0.20007057,0.35958722,0.26390776,0.17643443
0.291875,0.31687492,0.29888666,0.09236345
0.2254925,0.35211328,0.3331383,0.089255944
0.27006796,0.19648013,0.26229507,0.27115685
0.16542557,0.14974155,0.3499601,0.33487275
0.1372127,0.027544992,0.47352725,0.36171502
0.29435435,0.051448822,0.30729663,0.34690017
0.26137397,0.24185736,0.2759561,0.22081257
0.17308019,0.41200086,0.3846229,0.030296056
0.41196436,0.093152024,0.1485164,0.3463672
0.32423425,0.3034864,0.2558548,0.11642452
0.19092283,0.3445416,0.15995689,0.30457875
0.23974495,0.40149853,0.022790268,0.33596635
0.2199273,0.46739212,0.25247955,0.060201116
0.36877644,0.23893113,0.026437532,0.3658549
0.07497279,0.04920796,0.32366577,0.55215347
0.16548152,0.3179743,0.2546583,0.26188585
0.27642316,0.26722652,0.29046375,0.16588652
0.3522917,0.10559668,0.2826295,0.25948215
0.39202592,0.27554214,0.15851404,0.17391798
0.23941734,0.08919107,0.2371465,0.43424502
0.07739604,0.43210188,0.19465609,0.29584602
0.117045745,0.52404875,0.10104244,0.25786307
0.20474662,0.043222677,0.15519184,0.59683883
0.28871647,0.14397642,0.23431964,0.3329874
0.09477209,0.18996663,0.35058564,0.3646756
0.24619536,0.24680582,0.19678882,0.31020996
0.2301575,0.1050198,0.5898441,0.0749786
0.21981864,0.3136379,0.25119904,0.21534437
0.115573674,0.33604848,0.060936064,0.48744178
0.31862158,0.23138987,0.24497773,0.20501088
0.3776998,0.40402746,0.046159804,0.17211296
0.4587131,0.08267234,0.09498347,0.363631
0.094674654,0.095447674,0.2635779,0.54629976
0.29072347,0.19098684,0.33706158,0.18122807
0.20287074,0.30394018,0.2808898,0.21229933
0.075655565,0.49940163,0.055837024,0.36910576
0.24438459,0.3408154,0.29893053,0.1158695
0.35992107,0.18909685,0.29882073,0.15216134
0.24146491,0.096258186,0.33990714,0.32236975
0.39468125,0.22922933,0.024988463,0.35110095
0.058229093,0.4008528,0.36501256,0.17590556
0.37175024,0.3253939,0.2128997,0.08995617
0.42082956,0.045758184,0.03562941,0.4977828
0.25612703,0.26228267,0.2522072,0.22938313
0.054148063,0.3020008,0.29679012,0.347061
0.12262791,0.26212552,0.3727556,0.24249098
0.097277515,0.06673964,0.6713677,0.16461508
0.25756857,0.14961381,0.27257937,0.3202382
0.2535365,0.2884596,0.20298779,0.25501612
0.069054574,0.45928866,0.4374462,0.03421046
0.17652597,0.18308493,0.33891174,0.30147737
0.24818443,0.48156047,0.04759753,0.22265759
0.15628217,0.6319798,0.1296793,0.08205872
0.33968797,0.1302918,0.21962573,0.31039447
0.0750812,0.3462343,0.4090096,0.16967495
0.30445018,0.3379752,0.09225524,0.26531932
0.34820557,0.39903155,0.049602933,0.20315997
0.0401244,0.06823999,0.61372775,0.27790788
0.14878917,0.30994108,0.14225343,0.39901632
0.1695903,0.30082962,0.19647475,0.33310533
0.074627884,0.75497043,0.06487674,0.105524965
0.18803051,0.3872636,0.15535995,0.26934594
0.38493893,0.34692878,0.050953995,0.21717829
0.030994285,0.5682549,0.33060935,0.070141464
0.028013196,0.60764736,0.04979723,0.31454217
0.18809517,0.20491362,0.4967058,0.11028539
0.19544789,0.24339068,0.29482543,0.26633596
0.23252735,0.14528406,0.2923192,0.32986942
0.08757218,0.20876814,0.46921006,0.23444961
0.19552338,0.16674417,0.15653278,0.48119968
0.31276953,0.29651266,0.18312559,0.2075922
0.25579938,0.2644248,0.19231082,0.287465
0.27808025,0.30391338,0.32749102,0.090515316
0.25170285,0.09213557,0.39958766,0.2565739
0.3191477,0.14682859,0.30087993,0.23314378
0.31094638,0.30135754,0.050561156,0.33713493
0.44376862,0.15145418,0.06244085,0.34233633
0.39126927,0.10023718,0.2539533,0.25454026
0.13617092,0.21387045,0.37596637,0.2739923
0.46996608,0.09574958,0.24477811,0.18950622
0.72734076,0.07558282,0.091027044,0.1060494
0.23967737,0.30758044,0.21116002,0.24158219
0.17342564,0.11707974,0.59071004,0.11878466
0.04937756,0.46146932,0.24527578,0.24387737
0.44660726,0.14367786,0.20591418,0.20380066
0.15730283,0.35239705,0.2016865,0.28861365
0.21163003,0.30424765,0.37671146,0.107410856
0.390186,0.26028076,0.24020687,0.10932638
0.2748405,0.2231147,0.2333927,0.2686521
0.34851214,0.14669235,0.1494318,0.35536367
0.4598222,0.07222556,0.06515858,0.4027937
0.24071267,0.45967993,0.056556575,0.24305083
0.4795628,0.06609978,0.15023045,0.30410695
0.05413939,0.37465006,0.33474204,0.23646851
0.33071944,0.055213213,0.333485,0.28058234
0.09083392,0.46709147,0.21204516,0.23002943
0.12400963,0.4809428,0.25621644,0.13883111
0.19230379,0.33067602,0.25503045,0.22198978
0.17893668,0.595217,0.060651142,0.16519518
0.43791315,0.17116128,0.050792802,0.34013283
0.39396656,0.14341776,0.23887046,0.22374521
0.08763675,0.2779631,0.34810778,0.28629243
0.15600838,0.41271958,0.28610677,0.1451652
0.033458527,0.42597643,0.4216852,0.118879855
0.3228518,0.1784555,0.1609749,0.3377178
0.2967718,0.38477552,0.15044537,0.16800727
0.2904084,0.23925905,0.2780379,0.19229461
0.2368717,0.1993665,0.20065552,0.36310622
0.049299743,0.31263292,0.40821454,0.2298528
0.26390117,0.2998289,0.38688758,0.04938234
0.2365873,0.25077605,0.23754194,0.2750947
0.59788126,0.265822,0.050038803,0.08625791
0.17350337,0.47173995,0.3043123,0.050444413
0.22892036,0.3149908,0.19361593,0.2624729
0.4280389,0.046723947,0.11393346,0.41130367
0.37709567,0.1349647,0.098973125,0.38896653
0.035201233,0.33094501,0.38686892,0.24698485
0.2959522,0.35133722,0.26379815,0.088912465
0.07743007,0.5964847,0.11163181,0.21445335
0.32087237,0.09699937,0.42913982,0.15298846
0.27029207,0.26083326,0.18083455,0.28804007
0.2928534,0.21523184,0.15762553,0.33428925
0.4106429,0.3559538,0.051432066,0.18197115
0.2863345,0.28948566,0.1511593,0.27302057
0.3313304,0.27468115,0.31530803,0.078680456
0.3636794,0.25205323,0.19914155,0.18512578
0.29176602,0.38973758,0.1870439,0.1314525
0.43791306,0.13560313,0.105526574,0.32095724
0.2556261,0.23635724,0.39296234,0.115054235
0.16460188,0.30472556,0.26877666,0.2618959
0.15159085,0.15452586,0.21210095,0.4817823
0.25744444,0.29950705,0.19038269,0.25266576
0.41915438,0.3487076,0.09848701,0.13365102
0.52859807,0.35752538,0.02312895,0.09074756
0.2174076,0.295021,0.06283017,0.42474127
0.3102696,0.051853016,0.15904963,0.47882774
0.14465638,0.1945405,0.30792195,0.35288116
0.36755514,0.15174605,0.19038163,0.29031724
0.37140265,0.20247053,0.3054418,0.12068505
0.08769725,0.31490168,0.39816433,0.1992367
0.29492295,0.20768598,0.09710741,0.40028366
0.45070007,0.34747756,0.08699411,0.11482818
0.1645507,0.3765519,0.40879902,0.050098386
0.17792442,0.11205865,0.34587952,0.36413744
0.16973947,0.2923674,0.24144047,0.29645267
0.40447962,0.34407735,0.051189803,0.2002533
0.28947717,0.09987153,0.101192,0.5094593
0.035941683,0.40741926,0.32858774,0.22805132
0.32492313,0.09626912,0.41999802,0.15880975
0.27637413,0.06008468,0.4202948,0.24324644
0.4257308,0.18364362,0.05007528,0.34055027
0.23771034,0.09413358,0.115064435,0.55309165
0.3992589,0.24542482,0.10873826,0.24657801
0.23827673,0.32956666,0.17529733,0.25685927
0.23225641,0.41446826,0.26579162,0.0874837
0.35963017,0.08128075,0.29912427,0.2599648
0.12539269,0.31177738,0.1177944,0.44503552
0.07778848,0.7468593,0.059204224,0.11614793
0.31500262,0.1878754,0.23678443,0.26033756
0.29168108,0.1503815,0.3575487,0.20038868
0.38186467,0.04169185,0.15154047,0.42490298
0.05108428,0.45621398,0.055239126,0.4374626
0.34393322,0.30077615,0.23083349,0.12445713
0.41590813,0.27801245,0.20706715,0.09901231
0.18918641,0.21034236,0.2795939,0.3208773
0.21646379,0.20094863,0.5113281,0.0712595
0.1340968,0.36352307,0.33480537,0.16757473
0.205349,0.47603273,0.15958424,0.15903403
0.073414445,0.41809484,0.30291608,0.20557463
0.22540449,0.3112281,0.24232998,0.22103739
0.10903671,0.47003818,0.024364263,0.3965609
0.2721868,0.23878212,0.23284987,0.25618118
0.3943955,0.18930764,0.2360922,0.18020463
0.34141058,0.4192039,0.046448395,0.1929371
0.10503414,0.30312994,0.29551065,0.2963253
0.1289104,0.40268168,0.43494081,0.033467073
0.29568836,0.28673854,0.14507908,0.27249402
0.11892365,0.21607304,0.47941226,0.18559101
0.59478325,0.0837708,0.096393906,0.22505206
0.29682115,0.39134163,0.20090187,0.11093532
0.62982845,0.0945907,0.13557534,0.14000553
0.3162336,0.36229178,0.16149879,0.15997578
0.2698434,0.048138928,0.10302568,0.57899195
0.38131416,0.054791756,0.37974846,0.18414564
0.3407984,0.18321404,0.09552566,0.3804619
0.23201472,0.2207956,0.2933831,0.25380653
0.043240726,0.34199747,0.28877017,0.3259916
0.26327932,0.34450233,0.048430134,0.3437882
0.31048834,0.19902255,0.19383213,0.296657
0.47945493,0.04332732,0.13084601,0.34637177
0.1836422,0.37745747,0.055296343,0.38360408
0.06586312,0.3834147,0.3992803,0.15144184
0.4826902,0.09215885,0.061491046,0.3636599
0.11271445,0.044986416,0.60755736,0.23474179
0.13466984,0.4027543,0.15144487,0.31113094
0.14521873,0.552217,0.21159783,0.09096645
0.32609412,0.3981355,0.10633147,0.1694389
0.27666858,0.26906726,0.24059874,0.21366547
0.03922607,0.19735694,0.6978821,0.06553489
0.09591538,0.18479778,0.61682135,0.10246551
0.08066819,0.40511298,0.14780785,0.36641097
0.060615927,0.16664079,0.36874005,0.4040033
0.08676848,0.46825653,0.29594344,0.14903149
0.2655255,0.34955376,0.024316175,0.3606045
0.34955347,0.21421307,0.2984749,0.1377586
0.21079479,0.15567166,0.3296833,0.30385023
0.123711176,0.098473646,0.48903453,0.2887806
0.31631583,0.399665,0.043989047,0.24003008
0.114785984,0.41833946,0.25898504,0.20788957
0.49198937,0.13312003,0.060443528,0.3144471
0.09900908,0.38086328,0.31252396,0.20760368
0.31780264,0.19186889,0.28103584,0.20929267
0.34635222,0.3903126,0.1454002,0.11793496
0.31211528,0.2148285,0.37346867,0.09958755
0.043735553,0.3206933,0.27394465,0.36162645
0.14518796,0.5333109,0.05606678,0.26543432
0.31555197,0.4645268,0.18797585,0.031945385
0.16752514,0.28214535,0.21643125,0.33389828
0.32924455,0.18913184,0.09261527,0.38900834
0.05563633,0.099931136,0.6120111,0.23242153
0.059937898,0.35412943,0.26540315,0.32052946
0.2767543,0.29280666,0.20263661,0.22780243
0.20481126,0.27984345,0.4336019,0.08174343
0.20350605,0.38863447,0.16560817,0.24225134
0.18611099,0.28202012,0.19429854,0.33757034
0.1642584,0.16695501,0.3444455,0.32434103
0.22314847,0.5531563,0.026370302,0.19732496
0.2885137,0.3005427,0.31571424,0.095229335
0.37183753,0.021836927,0.3118111,0.29451442
0.3818337,0.028747613,0.2008715,0.38854718
0.21056168,0.25495836,0.1590268,0.37545314
0.37275064,0.028181726,0.4110572,0.18801048
0.41665605,0.021197641,0.39330947,0.1688368
0.07338835,0.27261883,0.34813985,0.305853
0.24675487,0.2543869,0.25447866,0.24437961
0.15648156,0.07887256,0.33369857,0.4309473
0.21799417,0.30346996,0.28983858,0.18869731
0.47974443,0.24799792,0.19646065,0.07579697
0.381597,0.085027315,0.2740663,0.25930938
0.18827644,0.25453654,0.29187503,0.26531202
0.29955855,0.3386135,0.15193045,0.20989749
0.3005986,0.19326846,0.1926823,0.31345066
0.35825062,0.04584472,0.4360185,0.15988615
0.07988787,0.20996302,0.3453308,0.3648183
0.36124495,0.049762405,0.39004526,0.19894737
0.44244188,0.19369292,0.11091284,0.2529523
0.07344074,0.06833961,0.72750485,0.13071477
0.46199614,0.26000932,0.045318637,0.23267588
0.1957692,0.23377734,0.27790266,0.2925508
0.08103267,0.301265,0.3465244,0.27117792
0.029352628,0.57613516,0.33723226,0.05727997
0.21939348,0.4011605,0.14564793,0.23379806
0.33241642,0.19056827,0.28256243,0.19445296
0.27711874,0.19781345,0.3644313,0.16063656
0.33069497,0.10514331,0.31154338,0.25261837
0.4320972,0.045494717,0.1917623,0.33064577
0.11206916,0.2952903,0.25848284,0.33415765
0.22391269,0.40429258,0.29925716,0.07253762
0.32735267,0.34575903,0.14865969,0.17822863
0.31658185,0.24438651,0.2022517,0.23677991
0.15830866,0.17590962,0.16379182,0.5019899
0.041997988,0.18921378,0.33601117,0.43277708
0.3488995,0.028793272,0.3347535,0.28755376
0.052098624,0.2938103,0.60775864,0.046332415
0.21597111,0.31196022,0.15325135,0.3188173
0.06277378,0.51452994,0.2977071,0.12498915
0.2564359,0.05565783,0.4496243,0.23828197
0.25172007,0.29310924,0.33276692,0.12240375
0.10071046,0.06793364,0.45247018,0.37888572
0.038014706,0.5326653,0.3386728,0.09064724
0.0783917,0.35495672,0.19883806,0.3678135
0.23971641,0.35823318,0.20043254,0.20161788
0.18209286,0.34675816,0.107234724,0.3639143
0.0735992,0.04768506,0.23554154,0.64317423
0.41039,0.062469166,0.35169917,0.17544167
0.195147,0.2763221,0.4078704,0.12066048
0.16156583,0.51243424,0.099152625,0.22684732
0.018230418,0.48617926,0.28316754,0.2124228
0.22120371,0.2095375,0.34306997,0.22618884
0.24500261,0.10016677,0.43214977,0.22268079
0.23152438,0.40055603,0.05013731,0.31778228
0.7575001,0.05369596,0.06461147,0.12419237
0.22668651,0.26446718,0.26018465,0.24866171
0.27579066,0.24641813,0.23761381,0.2401774
0.30274054,0.41171166,0.04972637,0.23582143
0.17006156,0.33965307,0.20665175,0.28363365
0.03964492,0.18530281,0.606484,0.16856833
0.34663698,0.14020096,0.47627333,0.03688864
0.39293817,0.509833,0.049766645,0.04746221
0.43238392,0.092714384,0.10895214,0.36594957
0.3456405,0.27750018,0.025590403,0.35126892
0.30382797,0.26123944,0.2350607,0.19987187
0.30124438,0.16284314,0.29588482,0.24002771
0.28227705,0.040940266,0.35407963,0.32270312
0.17269903,0.32696888,0.21214467,0.28818744
0.29716623,0.2683383,0.18508388,0.24941157
0.08918864,0.09335257,0.34889567,0.46856314
0.21878742,0.50102144,0.21657446,0.063616715
0.32764083,0.3735593,0.15566379,0.14313602
0.457544,0.11034716,0.23688316,0.1952257
0.12480819,0.13863946,0.4392037,0.29734862
0.19092889,0.37639397,0.35626054,0.07641658
0.28122675,0.24685428,0.3491942,0.12272475
0.2169552,0.3347493,0.21285923,0.23543628
0.39590868,0.29787543,0.09828694,0.207929
0.07104976,0.15585935,0.7065626,0.06652822
0.3958996,0.2580142,0.10200756,0.24407864
0.10071598,0.20521675,0.24674915,0.44731814
0.13002501,0.27473414,0.44009304,0.15514788
0.46899888,0.3660575,0.050192107,0.11475149
0.3316743,0.08779726,0.4913408,0.08918765
0.15009767,0.39471367,0.16498706,0.29020166
0.3043024,0.25774488,0.39083833,0.04711439
0.26099527,0.30294168,0.24642475,0.18963832
0.33755797,0.046604604,0.34126106,0.27457637
0.07978455,0.14055623,0.3862943,0.39336494
0.094421834,0.047770526,0.3184866,0.5393211
0.463658,0.19776314,0.08728922,0.25128955
0.3369707,0.19115622,0.15075171,0.32112136
0.45682377,0.056044202,0.3969042,0.09022779
0.11893021,0.09496647,0.67828345,0.10781988
0.32271153,0.280583,0.10876829,0.2879372
0.3010594,0.27236894,0.26000372,0.16656795
0.21287134,0.056863952,0.46422485,0.26603988
0.30591416,0.258878,0.1615212,0.27368668
0.26898465,0.29511464,0.10565114,0.33024958
0.24790893,0.3102699,0.20581098,0.23601025
0.18781832,0.04951102,0.29483312,0.46783754
0.24863903,0.5950322,0.023204321,0.13312447
0.39073637,0.06830124,0.15951452,0.3814479
0.1433326,0.5521589,0.059696715,0.24481182
0.16869634,0.61256576,0.054480754,0.16425715
0.30986473,0.56073713,0.024105843,0.10529228
0.35070786,0.19202754,0.04950057,0.407764
0.09010451,0.28682005,0.4826838,0.14039163
0.6035259,0.12847282,0.055064913,0.21293636
0.10423805,0.10851326,0.33990738,0.44734138
0.5136609,0.23970053,0.04840792,0.19823065
0.15458441,0.29417002,0.13603348,0.4152121
0.10806629,0.20258287,0.36356702,0.32578385
0.10691478,0.24249215,0.47239482,0.17819816
0.15556854,0.33158132,0.45006236,0.06278771
0.32422143,0.26304865,0.19260767,0.22012228
0.2557969,0.35395235,0.24682027,0.14343047
0.21718912,0.21476376,0.3495924,0.21845467
0.23893069,0.04932687,0.40343466,0.3083078
0.21843322,0.3473288,0.15249813,0.28173977
0.4651124,0.20725228,0.25110307,0.07653224
0.27499464,0.23828112,0.25063106,0.23609321
0.5690434,0.1390523,0.20661037,0.085293956
0.15100464,0.32450724,0.33990005,0.18458806
0.3493407,0.40574345,0.19553669,0.04937917
0.14680229,0.25547436,0.31362626,0.2840971
0.079844095,0.4250053,0.30908674,0.18606395
0.24747023,0.21726443,0.2917926,0.24347275
0.3116376,0.14428857,0.3067065,0.23736733
0.16217215,0.6008261,0.19971345,0.037288286
0.41571322,0.432247,0.086019635,0.06602013
0.36888596,0.14132494,0.05798433,0.4318048
0.118479095,0.26002517,0.32124898,0.30024675
0.20406874,0.529226,0.058053833,0.20865145
0.33338505,0.04912974,0.15933953,0.45814574
0.26493734,0.11112484,0.2993456,0.3245922
0.3267841,0.07606747,0.37664524,0.22050323
0.28660873,0.16499223,0.34369636,0.20470275
0.2960694,0.40635404,0.24588214,0.05169437
0.2692218,0.3137763,0.23959923,0.1774027
0.03130311,0.33633414,0.28627658,0.34608617
0.3294277,0.15444905,0.34418377,0.17193948
0.22898485,0.3279734,0.09865617,0.34438556
0.32729277,0.06221219,0.3067988,0.30369627
0.39898118,0.4784535,0.06613925,0.05642605
0.1820379,0.16252145,0.35989967,0.29554093
0.41211686,0.029140873,0.27310005,0.28564224
0.24145234,0.13278426,0.32202998,0.30373344
0.27532813,0.39540467,0.23544613,0.093821086
0.2796209,0.2624413,0.25545567,0.20248216
0.1766083,0.2306171,0.105935864,0.48683867
0.36193094,0.02345433,0.2964363,0.3181785
0.08498589,0.24848472,0.15820295,0.5083264
0.08430932,0.56412345,0.11336771,0.23819949
0.11563179,0.052496497,0.3064458,0.52542585
0.26822323,0.5249467,0.15416259,0.052667454
0.3669997,0.39835045,0.14457679,0.09007311
0.3182474,0.19508864,0.2535189,0.23314506
0.2555371,0.20919156,0.40741527,0.12785609
0.16659604,0.36283308,0.1940899,0.27648094
0.4813061,0.09863079,0.13254142,0.2875217
0.27801308,0.21040097,0.3758542,0.13573171
0.633272,0.08172507,0.091340594,0.19366233
0.2152753,0.31560543,0.13890971,0.3302095
0.31166512,0.352223,0.09236528,0.24374656
0.23500726,0.26117155,0.23546728,0.26835394
0.13867117,0.095807865,0.39601266,0.36950836
0.62640584,0.2080549,0.023441905,0.1420973
0.25243312,0.15277442,0.35817945,0.23661296
0.09027809,0.39710438,0.13779408,0.37482342
0.32686627,0.19579837,0.2545724,0.222763
0.13494994,0.39812207,0.39396074,0.07296722
0.29346317,0.47539526,0.1325265,0.098615095
0.42100495,0.3091203,0.05887044,0.2110044
0.23331825,0.24838115,0.05079682,0.46750373
0.37063557,0.15370703,0.097669594,0.37798777
0.11791651,0.20562692,0.38018683,0.29626977
0.26992813,0.110634595,0.32233527,0.29710206
0.3172126,0.25048497,0.35441476,0.07788768
0.17964146,0.3352307,0.45043704,0.034690816
0.1192688,0.14572297,0.49677882,0.23822941
0.12227564,0.3309222,0.3683104,0.17849176
0.24873306,0.30813032,0.19474278,0.24839379
0.30392194,0.1894062,0.222273,0.28439882
0.11906061,0.43412676,0.026331933,0.42048067
0.39584675,0.14628942,0.38565716,0.072206706
0.4050512,0.5050613,0.050868195,0.03901924
0.37387577,0.29942515,0.2080125,0.11868658
0.3246031,0.04645058,0.41232407,0.21662223
0.30429202,0.37367693,0.11035111,0.2116799
0.21901663,0.021750553,0.39712808,0.36210477
0.23173317,0.0474868,0.4962083,0.22457173
0.3299034,0.25183904,0.10839725,0.30986032
0.44424945,0.33178335,0.058170922,0.16579624
0.054168303,0.4605935,0.4264335,0.058804728
0.25189406,0.051745612,0.42031804,0.27604237
0.31885028,0.09273079,0.29857904,0.2898399
0.1926435,0.09882212,0.39262807,0.3159063
0.23991874,0.51272815,0.101970084,0.14538299
0.25740686,0.2574041,0.2866382,0.19855082
0.12610026,0.24655697,0.31785837,0.30948442
0.34931517,0.3444826,0.055330683,0.25087154
0.32418603,0.29491654,0.113660514,0.2672369
0.5601277,0.09464186,0.19142799,0.15380247
0.07258322,0.77452105,0.09740797,0.05548777
0.38206384,0.22090411,0.32520518,0.07182687
0.33119702,0.048379213,0.38615543,0.2342684
0.16512017,0.12423793,0.507933,0.20270887
0.24077861,0.31465074,0.3861079,0.05846271
0.45832565,0.41409445,0.054482743,0.07309715
0.022449022,0.7089964,0.22207817,0.046476394
0.3721162,0.09562433,0.24328381,0.28897572
0.34513184,0.3104068,0.20185706,0.14260429
0.22941776,0.2411724,0.20540558,0.32400432
0.3033818,0.21856979,0.14763342,0.33041495
0.19820201,0.36781782,0.19402583,0.23995438
0.031937238,0.44545886,0.092937335,0.42966658
0.13491507,0.023875926,0.44844064,0.39276844
0.4363989,0.30059856,0.09271067,0.17029183
0.0882722,0.35447,0.25666967,0.3005881
0.12795465,0.40766063,0.3483473,0.116037436
0.045534577,0.29660723,0.4900263,0.16783197
0.14782976,0.43273613,0.20059484,0.2188393
0.20440173,0.26508707,0.23232739,0.29818377
0.40993685,0.17178534,0.046651695,0.37162617
0.07149611,0.50354743,0.3001677,0.12478878
0.38698474,0.42031065,0.09391952,0.098785065
0.39125738,0.29779562,0.20432101,0.106626056
0.38756225,0.23348306,0.15546311,0.22349153
0.26679048,0.11508469,0.27856565,0.33955923
0.10388145,0.29013255,0.52803826,0.07794779
0.31694403,0.32024297,0.300193,0.06261997
0.40342197,0.15468061,0.1585807,0.28331667
0.2430232,0.14810982,0.33258843,0.2762785
0.19650021,0.46530747,0.26229325,0.07589895
0.13489442,0.19977249,0.3233225,0.34201056
0.24363819,0.22152789,0.47351918,0.061314728
0.09370407,0.38519427,0.3583402,0.16276145
0.2984513,0.038546916,0.28546467,0.37753707
0.4049367,0.24158502,0.10783242,0.24564587
0.24015754,0.35677397,0.1690068,0.23406161
0.29214528,0.3365823,0.10622951,0.26504287
0.053801652,0.1697257,0.47713023,0.29934248
0.165478,0.19477163,0.3496378,0.29011264
0.17284812,0.09844672,0.47581074,0.25289446
0.39687356,0.30689013,0.24739297,0.0488433
0.34542003,0.24528496,0.33125013,0.078044884
0.2943455,0.30506247,0.19821967,0.20237234
0.25717726,0.04517583,0.05718947,0.64045745
0.19535773,0.3615472,0.23864223,0.20445286
0.44060415,0.03135511,0.1913262,0.33671457
0.15897466,0.61800724,0.09585867,0.12715939
0.4150848,0.053147234,0.39504942,0.1367185
0.35548103,0.24725261,0.09852866,0.29873767
0.3672411,0.36380103,0.029270234,0.23968756
0.40377137,0.036058772,0.11392511,0.4462448
0.14293088,0.13038477,0.4097776,0.31690678
0.35599816,0.20859666,0.15911478,0.27629045
0.09555278,0.7751944,0.09163252,0.03762025
0.14598614,0.42616057,0.28263587,0.14521736
0.067163296,0.15328145,0.3344019,0.44515336
0.104814045,0.08816733,0.7070874,0.09993113
0.31689826,0.15938544,0.15059726,0.37311903
0.28815165,0.22025391,0.3905766,0.10101784
0.06263034,0.43870893,0.08429158,0.41436917
0.2235543,0.025001377,0.383491,0.36795336
0.23620275,0.42584902,0.30038133,0.037566945
0.45325923,0.1884818,0.14511013,0.21314885
0.20608269,0.42937365,0.17713556,0.18740812
0.2942589,0.19281441,0.232229,0.2806977
0.35970244,0.16840315,0.055084497,0.41680992
0.26756763,0.10926841,0.19496243,0.4282015
0.074522346,0.4047612,0.20610589,0.3146106
0.26201367,0.31795695,0.23530984,0.18471952
0.31385905,0.13031432,0.40111968,0.15470698
0.35832238,0.2345307,0.18917924,0.2179677
0.14509182,0.493324,0.09408025,0.267504
0.23720415,0.32343823,0.09848124,0.3408764
0.14114578,0.19505903,0.15214255,0.51165265
0.19951431,0.388068,0.29765838,0.11475934
0.33059683,0.26380616,0.2010886,0.20450841
0.46317706,0.42383865,0.058435652,0.054548644
0.31353447,0.28791726,0.051866632,0.34668162
0.27665007,0.2962284,0.14777535,0.27934614
0.20575647,0.6560237,0.08156762,0.056652203
0.104548596,0.1764213,0.3745449,0.34448522
0.41430643,0.09143073,0.3246516,0.16961123
0.34558153,0.050525807,0.24703714,0.35685557
0.46572086,0.40200862,0.093344584,0.038925964
0.28682637,0.08333504,0.14996773,0.4798708
0.19439428,0.60819787,0.051581133,0.14582668
0.22828034,0.41216367,0.25612018,0.103435844
0.42228317,0.024990607,0.19643818,0.35628808
0.078344755,0.5626629,0.25250024,0.106492154
0.060213815,0.5466432,0.3354959,0.057647094
0.2605662,0.38866493,0.14842334,0.20234546
0.2449725,0.3378691,0.054949436,0.36220896
0.2642931,0.1876686,0.24859354,0.2994448
0.35850164,0.20790635,0.09725409,0.33633792
0.18152633,0.30551165,0.108536325,0.40442565
0.2047095,0.20627163,0.29125905,0.2977598
0.4442505,0.27139664,0.10122645,0.18312646
0.3594146,0.25702718,0.055926558,0.32763168
0.21010113,0.5445282,0.06274734,0.18262339
0.4078254,0.25615776,0.14226203,0.19375488
0.29608577,0.11110335,0.40512723,0.1876836
0.059076812,0.47700357,0.3933759,0.07054367
0.12258179,0.39316285,0.19566865,0.2885867
0.4622495,0.18911952,0.053519674,0.29511127
0.1418838,0.3772412,0.16052908,0.32034594
0.29265586,0.21139306,0.33841473,0.15753639
0.3157652,0.19029681,0.20644945,0.28748852
0.41003,0.050687313,0.2828051,0.2564776
0.52231026,0.029193243,0.14853616,0.2999603
0.17730933,0.09921707,0.32739538,0.3960782
0.43530005,0.1002455,0.20636033,0.25809416
0.43608484,0.37772626,0.049422093,0.13676688
0.09187454,0.16799086,0.3610537,0.37908095
0.27416968,0.19823734,0.3739716,0.15362136
0.03036077,0.24381004,0.67184985,0.053979363
0.33249035,0.20887999,0.15678018,0.30184945
0.4277489,0.08124719,0.10201176,0.38899213
0.1233859,0.46389192,0.051542368,0.36117983
0.18892452,0.31333587,0.16089773,0.33684188
0.106945634,0.26103586,0.2833167,0.34870175
0.31573728,0.18304119,0.30590364,0.19531795
0.2911844,0.22676897,0.23498392,0.24706274
0.45014215,0.04953572,0.061075512,0.43924665
0.34552804,0.25610614,0.025576081,0.37278977
0.45532715,0.09541005,0.25204387,0.19721892
0.24420579,0.26415014,0.26385573,0.22778836
0.05400762,0.36753958,0.38760084,0.1908519
